{
	"name": "Skuid",
	"localization": {
		"defaultLocale": "en",
		"defaultLanguage": "en",
		"defaultTimezone": "America/New_York"
	},
	"offline": {
		"enabled": false,
		"syncAutomatically": true,
		"syncInteraction": false,
		"manualSyncWithStatusBar": false
	},
	"sso": {
		"enabled": true,
		"loginHeading": "Welcome to Platform Demo Org",
		"loginSubHeading": "",
		"ssoLoginOnly": false
	},
	"security": {
		"sessionActivityTimeout": 1440,
		"roamingSessions": false,
		"ipWhitelist": null,
		"passwordTokenExpiration": 720
	}
}