<skuid__page unsavedchangeswarning="yes" personalizationmode="server" showsidebar="false" showheader="false" title="HubSpot Sample Page - Custom Objects">
	<models>
		<model id="HubSpot_Deal_Detail" query="true" createrowifnonefound="false" datasource="HubSpotTestApp" payloadcontenttype="JSON" fieldtargetobjects="properties" useresponsesnippet="false" responsesnippet="populate CurrentLineItems model" type="readwrite">
			<fields>
				<field id="amount" label="Amount" ispolymorphic="false" isnamepointing="false" displaytype="DOUBLE" precision="4" scale="0" accessible="true" filterable="true"/>
				<field id="closedate" label="Close Date" ispolymorphic="false" isnamepointing="false" displaytype="DATETIME" accessible="true" filterable="true"/>
				<field id="createdate" label="Created Date" ispolymorphic="false" isnamepointing="false" displaytype="DATETIME" accessible="true" filterable="true" readonly="true"/>
				<field id="dealname" label="Name" ispolymorphic="false" isnamepointing="false" displaytype="TEXT" accessible="true" filterable="true" ogdisplaytype="STRING"/>
				<field id="dealstage" label="Deal Stage" ispolymorphic="false" isnamepointing="false" displaytype="PICKLIST" accessible="true" filterable="true" ogdisplaytype="STRING" picklistsource="manual" returntype="TEXT">
					<picklistentries>
						<entry value="appointmentscheduled" label="Appointment Scheduled"/>
						<entry value="qualifiedtobuy" label="Qualified To Buy"/>
						<entry value="presentationscheduled" label="Presentation Scheduled"/>
						<entry value="decisionmakerboughtin" label="Decision Maker Bought-In"/>
						<entry value="contractsent" label="Contract Sent"/>
						<entry value="closedwon" label="Closed Won"/>
						<entry value="closedlost" label="Closed Lost"/>
					</picklistentries>
				</field>
				<field id="pipeline" label="Pipeline" ispolymorphic="false" isnamepointing="false" displaytype="TEXT" accessible="true" filterable="true" ogdisplaytype="STRING"/>
			</fields>
			<conditions>
				<condition type="param" value="hs_object_id" sourcetype="param" sourceparam="hs_object_id" operator="=" enclosevalueinquotes="true"/>
			</conditions>
			<actions/>
			<methods>
				<method type="query" verb="GET" endpoint="/crm/v3/objects/deals/{{hs_object_id}}" pathtocontent="properties" payloadcontenttype="JSON"/>
				<method type="update" verb="PATCH" payloadcontenttype="JSON" sendchanges="asjsoninbody" successif="requestsucceeds" endpoint="/crm/v3/objects/deals/{{hs_object_id}}"/>
				<method type="delete" verb="DELETE" payloadcontenttype="JSON" endpoint="/crm/v3/objects/deals/{{hs_object_id}}" successif="requestsucceeds"/>
			</methods>
		</model>
		<model id="BookingList" query="true" datasource="HubSpotTestApp" payloadcontenttype="JSON" type="readwrite">
			<fields>
				<field id="id" displaytype="TEXT"/>
				<field id="properties.booking_name" displaytype="TEXT"/>
				<field id="properties.start_date_time" displaytype="DATE" ogdisplaytype="TEXT"/>
				<field id="properties.end_date_time" displaytype="DATE" ogdisplaytype="TEXT"/>
				<field id="properties.booking_type" displaytype="PICKLIST" defaultvaluetype="fieldvalue" ogdisplaytype="TEXT" picklistsource="manual" returntype="TEXT">
					<picklistentries>
						<entry value="Wedding" label="Wedding"/>
						<entry value="Birthday" label="Birthday"/>
						<entry value="Conference" label="Conference"/>
						<entry value="Webinar" label="Webinar"/>
						<entry value="Meeting" label="Meeting"/>
					</picklistentries>
				</field>
				<field id="UI_Name" displaytype="FORMULA" ogdisplaytype="TEXT" readonly="true" returntype="TEXT" uionly="true">
					<formula>{{properties.booking_name}}</formula>
				</field>
				<field id="UI_StartDate" displaytype="FORMULA" uionly="true" length="255" ogdisplaytype="TEXT" readonly="true" returntype="TEXT">
					<formula>{{properties.start_date_time}}</formula>
				</field>
				<field id="UI_EndDate" displaytype="FORMULA" uionly="true" ogdisplaytype="TEXT" readonly="true" returntype="TEXT">
					<formula>{{properties.end_date_time}}</formula>
				</field>
				<field id="UI_Type" displaytype="FORMULA" uionly="true" ogdisplaytype="TEXT" readonly="true" returntype="TEXT">
					<formula>{{properties.booking_type}}</formula>
				</field>
				<field id="properties.enddatetime_txt" displaytype="DATETIME" ogdisplaytype="TEXT"/>
				<field id="properties.startdatetime_txt" displaytype="DATETIME" ogdisplaytype="TEXT"/>
				<field id="UI_Color" displaytype="FORMULA" uionly="true" ogdisplaytype="TEXT" readonly="true" returntype="TEXT">
					<formula>CASE({{properties.booking_type}}, 
"Wedding", "lime", 
"Conference", "teal",
"Birthday", "yellow",
"Webinar", "Purple",
"gray")</formula>
				</field>
				<field id="associations" displaytype="TEXT"/>
				<field id="properties.room" displaytype="PICKLIST" ogdisplaytype="TEXT" picklistsource="rowsinmodel" returntype="TEXT" picklistmodel="RoomList" entryvalue="{{name}}" entrylabel="Room: {{name}} - Size: {{max_occupancy}} - Type: {{type}}">
					<picklistentries/>
				</field>
				<field id="properties.booking_all_day" displaytype="BOOLEAN" ogdisplaytype="TEXT"/>
				<field id="UI_AllDay" displaytype="FORMULA" uionly="true" ogdisplaytype="TEXT" readonly="true" returntype="BOOLEAN">
					<formula>{{properties.booking_all_day}}</formula>
				</field>
			</fields>
			<conditions/>
			<actions/>
			<methods>
				<method type="query" verb="GET" payloadcontenttype="JSON" endpoint="/crm/v3/objects/2-13706548?100&amp;properties=booking_name,booking_type,start_date_time,end_date_time,enddatetime_txt,startdatetime_txt,room,booking_all_day" pathtocontent="results" fieldtargetobjects="results" useresponsesnippet="false" responsesnippet="populateUImodel" limitmethod="simple" limit="30" simplerecordslimitparameter="limit"/>
				<method type="update" verb="PATCH" payloadcontenttype="JSON" sendchanges="asjsoninbody" successif="requestsucceeds" endpoint="/crm/v3/objects/2-13706548/{{id}}">
					<requestBodyFields/>
				</method>
				<method type="insert" verb="POST" payloadcontenttype="JSON" successif="requestsucceeds" sendchanges="asjsoninbody" insertresponse="recordinbody" endpoint="/crm/v3/objects/2-13706548" contenttype="application/json" payloadsnippet="(request body) create new booking"/>
			</methods>
		</model>
		<model id="NewBooking" query="false" datasource="HubSpotTestApp" payloadcontenttype="JSON" type="readwrite" createrowifnonefound="false" unloadwarningifunsavedchanges="false">
			<fields>
				<field id="id" displaytype="TEXT"/>
				<field id="properties.booking_name" displaytype="TEXT"/>
				<field id="properties.start_date_time" displaytype="DATE" ogdisplaytype="TEXT" label="Start Date/Time"/>
				<field id="properties.end_date_time" displaytype="DATE" ogdisplaytype="TEXT" label="End Date/Time"/>
				<field id="properties.booking_type" displaytype="PICKLIST" defaultvaluetype="fieldvalue" ogdisplaytype="TEXT" picklistsource="manual" returntype="TEXT">
					<picklistentries>
						<entry value="Wedding" label="Wedding"/>
						<entry value="Birthday" label="Birthday"/>
						<entry value="Conference" label="Conference"/>
						<entry value="Webinar" label="Webinar"/>
						<entry value="Meeting" label="Meeting"/>
					</picklistentries>
				</field>
				<field id="properties.room" label="Room" ispolymorphic="false" isnamepointing="false" displaytype="PICKLIST" accessible="true" filterable="true" ogdisplaytype="STRING" picklistsource="rowsinmodel" returntype="TEXT" picklistmodel="RoomList" entryvalue="{{name}}" entrylabel="Room: {{name}} - Size: {{max_occupancy}} - Type: {{type}}">
					<picklistentries/>
				</field>
				<field id="properties.enddatetime_txt" label="End Date Time" ispolymorphic="false" isnamepointing="false" displaytype="DATETIME" accessible="true" filterable="true" datasourcename="HubSpotTestApp"/>
				<field id="properties.startdatetime_txt" label="Start Date Time" ispolymorphic="false" isnamepointing="false" displaytype="DATETIME" accessible="true" filterable="true" datasourcename="HubSpotTestApp"/>
				<field id="properties.booking_all_day" label="Booking All Day" ispolymorphic="false" isnamepointing="false" displaytype="BOOLEAN" accessible="true" filterable="true" ogdisplaytype="STRING" defaultvaluetype="fieldvalue" defaultValue="false"/>
			</fields>
			<conditions/>
			<actions/>
			<methods>
				<method type="insert" verb="POST" payloadcontenttype="JSON" successif="requestsucceeds" sendchanges="asjsoninbody" insertresponse="recordinbody" endpoint="/crm/v3/objects/2-13706548" contenttype="application/json" payloadsnippet="(request body) create new booking"/>
				<method type="query" verb="GET" payloadcontenttype="JSON" endpoint="/crm/v3/objects/2-13706548/5830840147?properties=booking_name,booking_type,start_date_time,end_date_time,enddatetime_txt,startdatetime_txt,room,booking_all_day"/>
			</methods>
		</model>
	</models>
	<components>
		<skuid__wrapper uniqueid="sk-1F0n-22320">
			<components>
				<skuid__header title="HubSpot Sample Page - Custom Objects" uniqueid="sk-3ilJ-17679" subtitle="Skuid NLX + HubSpot">
					<skuid__buttonSet model="HubSpot_Deal_Detail">
						<groups>
							<skuid__buttonGroup uniqueId="sk-3ion-38128">
								<buttons>
									<skuid__button label="What's on this page?" uniqueId="sk-3ion-38129">
										<actions>
											<action type="showModal">
												<skuid__modal title="Sample page 2: Working with custom objects" width="640px" ariaRole="dialog">
													<components>
														<skuid__text contents="Featuring:&#10;&lt;ol&gt;&#10;&#9;&lt;li&gt;Query single record using URL parameter&lt;/li&gt;&#10;&#9;&lt;li&gt;CRUD operation on that record&lt;/li&gt;&#10;&#9;&lt;li&gt;Connect to a custom object called Booking&lt;/li&gt;&#10;&#9;&lt;li&gt;Calendar component&lt;/li&gt;&#10;&lt;/ol&gt;&#10;" uniqueid="sk-3yA4-89322"/>
													</components>
													<buttons>
														<skuid__button label="Close" uniqueId="sk-1F1I-34542" styleSettingsVariant="primary">
															<actions>
																<action type="closeModals" closebehavior="close"/>
															</actions>
														</skuid__button>
													</buttons>
												</skuid__modal>
											</action>
										</actions>
									</skuid__button>
								</buttons>
							</skuid__buttonGroup>
						</groups>
					</skuid__buttonSet>
					<styles>
						<spacing top="2" right="2" bottom="2" left="2"/>
					</styles>
				</skuid__header>
			</components>
			<styles>
				<spacing/>
			</styles>
			<background type="color" color="#f2f2f2"/>
		</skuid__wrapper>
		<skuid__grid uniqueid="sk-3yF3-21286" flexDirection="row" justifyContent="flex-start" alignItems="flex-start" columnGutter="2">
			<divisions>
				<division minWidth="100px" ratio="1">
					<components>
						<skuid__form showErrorsInline="true" model="HubSpot_Deal_Detail" uniqueid="sk-3yEb-21051" mode="edit">
							<columns>
								<column>
									<sections>
										<section title="{{dealname}}">
											<fields>
												<skuid__field id="dealname" uniqueId="sk-3yEb-21055" showHelp="true"/>
												<skuid__field id="amount" uniqueId="sk-3yEb-21052" showHelp="true"/>
												<skuid__field id="closedate" uniqueId="sk-3yEb-21053" showHelp="true"/>
												<skuid__field id="dealstage" uniqueId="sk-3yEb-21056" showHelp="true"/>
												<skuid__field id="pipeline" uniqueId="sk-3yEb-21057" showHelp="true"/>
												<skuid__field id="createdate" uniqueId="sk-3yEb-21054" showHelp="true"/>
											</fields>
										</section>
									</sections>
								</column>
							</columns>
						</skuid__form>
						<skuid__buttonSet model="HubSpot_Deal_Detail" uniqueid="sk-3yS6-22095" position="left">
							<groups>
								<skuid__buttonGroup uniqueId="sk-3yS6-22093">
									<buttons>
										<skuid__button label="Save changes" uniqueId="sk-3yS6-22094" styleSettingsVariant="primary">
											<renderConditions logictype="and"/>
											<enableConditions logictype="and">
												<condition type="fieldvalue" enclosevalueinquotes="false" fieldmodel="HubSpot_Deal_Detail" sourcetype="modelproperty" sourceproperty="hasChanged" value="true" operator="="/>
											</enableConditions>
											<styleVariantConditions/>
											<styles>
												<spacing/>
											</styles>
										</skuid__button>
										<skuid__button label="Delete deal" uniqueId="sk-3yS9-24938">
											<styles>
												<spacing/>
											</styles>
											<actions>
												<action type="markRowsForDeletion" model="HubSpot_Deal_Detail" affectedrows="context"/>
												<action type="showModal">
													<skuid__modal title="Are you sure?" width="640px" ariaRole="dialog">
														<components>
															<skuid__text contents="Are you sure you want to delete this deal:&amp;nbsp;&#10;&lt;ul&gt;&#10;&#9;&lt;li&gt;Deal:&amp;nbsp;{{dealname}}&lt;/li&gt;&#10;&#9;&lt;li&gt;Stage: {{dealstage}}&lt;/li&gt;&#10;&#9;&lt;li&gt;Amount:&amp;nbsp;{{amount}}&lt;/li&gt;&#10;&#9;&lt;li&gt;Close Date:&amp;nbsp;{{closedate}}&lt;/li&gt;&#10;&lt;/ul&gt;&#10;" uniqueid="sk-3ySS-33750" model="HubSpot_Deal_Detail"/>
														</components>
														<buttons>
															<skuid__button label="Yes, delete" uniqueId="sk-3ySh-43759" styleSettingsVariant="destructive">
																<styles>
																	<spacing/>
																</styles>
																<actions>
																	<action type="save">
																		<models>
																			<model>HubSpot_Deal_Detail</model>
																		</models>
																	</action>
																	<action type="closeModals" closebehavior="close"/>
																</actions>
															</skuid__button>
															<skuid__button label="No, go back" uniqueId="sk-3ySi-44382">
																<actions>
																	<action type="cancel">
																		<models>
																			<model>HubSpot_Deal_Detail</model>
																		</models>
																	</action>
																	<action type="closeModals" closebehavior="close"/>
																</actions>
															</skuid__button>
														</buttons>
														<afterCloseActions>
															<action type="cancel">
																<models>
																	<model>HubSpot_Deal_Detail</model>
																</models>
															</action>
														</afterCloseActions>
													</skuid__modal>
												</action>
											</actions>
										</skuid__button>
									</buttons>
								</skuid__buttonGroup>
							</groups>
							<styles>
								<spacing top="2"/>
							</styles>
						</skuid__buttonSet>
					</components>
				</division>
				<division alignSelf="auto" minWidth="100px" ratio="4">
					<components>
						<skuid__header title="Private event bookings" uniqueid="sk-1F0_-26654">
							<styles>
								<spacing bottom="2"/>
							</styles>
						</skuid__header>
						<skuid__calendar uniqueid="sk-1IcR-25107" styleSettingsVariant="1f580f93-7181-4658-8bad-b0647e0d93bf">
							<eventSources>
								<eventSource model="BookingList" name="Private Event Bookings" eventTitleField="UI_Name" startField="properties.startdatetime_txt" endField="properties.enddatetime_txt" eventTemplate="{{UI_Name}} - {{UI_Type}}&#10;{{properties.startdatetime_txt}} - {{properties.enddatetime_txt}}" allowHTML="true" colorFormat="template" color="{{UI_Color}}" allDayField="UI_AllDay">
									<onClickEventActions interaction="onClickEventActions">
										<action type="showEventDetails" enabled="false"/>
										<action type="showModal">
											<skuid__modal title="Event: {{UI_Name}}" width="640px" ariaRole="dialog">
												<components>
													<skuid__form showErrorsInline="true" model="BookingList" uniqueid="sk-1KJ9-39091" mode="edit">
														<columns>
															<column>
																<sections>
																	<section title="New Section" showHeading="false">
																		<fields>
																			<skuid__field id="properties.booking_name" uniqueId="sk-1KJI-45666" showHelp="true" label="Name"/>
																			<skuid__field id="properties.booking_type" uniqueId="sk-1KJI-45666" showHelp="true" label="Type"/>
																			<skuid__field id="properties.startdatetime_txt" uniqueId="sk-1KJI-45666" showHelp="true" label="Start Date/Time"/>
																			<skuid__field id="properties.enddatetime_txt" uniqueId="sk-1KJI-45666" showHelp="true" label="End Date/Time"/>
																			<skuid__field id="properties.booking_all_day" showHelp="true" label="All day"/>
																		</fields>
																	</section>
																</sections>
															</column>
														</columns>
														<conditions>
															<condition type="contextrow" field="id" mergefield="id" operator="="/>
														</conditions>
													</skuid__form>
												</components>
												<buttons>
													<skuid__button label="Save" uniqueId="sk-1NOf-63994" styleSettingsVariant="primary">
														<actions>
															<action type="save" rollbackonanyerror="true">
																<models>
																	<model>BookingList</model>
																</models>
																<onerroractions>
																	<action type="blockUI" message="There was an error" timeout="3000"/>
																</onerroractions>
															</action>
															<action type="closeModals" closebehavior="close"/>
														</actions>
													</skuid__button>
													<skuid__button label="Cancel" uniqueId="sk-1NOg-64841">
														<actions>
															<action type="cancel">
																<models>
																	<model>BookingList</model>
																</models>
															</action>
															<action type="closeModals" closebehavior="close"/>
														</actions>
													</skuid__button>
												</buttons>
												<afterCloseActions>
													<action type="cancel">
														<models>
															<model>BookingList</model>
														</models>
													</action>
												</afterCloseActions>
											</skuid__modal>
										</action>
									</onClickEventActions>
									<onCreateActions interaction="onClickEventActions">
										<action type="showCreateEvent" enabled="false"/>
										<action type="custom" snippet="log stuff"/>
										<action type="cancel">
											<models>
												<model>NewBooking</model>
											</models>
										</action>
										<action type="createRow" model="NewBooking" appendorprepend="prepend" defaultmodefornewitems="edit" affectedrows="context">
											<defaults>
												<default valuesource="formula" field="properties.startdatetime_txt" enclosevalueinquotes="false">
													<formula>{{startDateTime}}</formula>
												</default>
												<default valuesource="formula" field="properties.enddatetime_txt" enclosevalueinquotes="false">
													<formula>{{endDateTime}}</formula>
												</default>
												<default valuesource="modelmerge" field="properties.booking_name" enclosevalueinquotes="true" sourcemodel="HubSpot_Deal_Detail" sourcefield="dealname"/>
											</defaults>
										</action>
										<action type="showModal">
											<skuid__modal title="Create new booking" width="640px" ariaRole="dialog">
												<components>
													<skuid__form showErrorsInline="true" model="NewBooking" uniqueid="sk-1N7o-86777" mode="edit">
														<columns>
															<column behavior="flex">
																<sections>
																	<section title="Deal: {{$Model.HubSpot_Deal_Detail.data.0.dealname}}" showHeading="true">
																		<fields>
																			<skuid__field id="properties.booking_type" uniqueId="sk-1N8D-97255" showHelp="true" label="Event Type" required="true">
																				<validations>
																					<requiredValidation type="required" enable="true" validationErrorMessage="Please enter event type"/>
																				</validations>
																			</skuid__field>
																			<skuid__field id="properties.booking_name" uniqueId="sk-1N8D-97237" showHelp="true" label="Name"/>
																			<skuid__field id="properties.startdatetime_txt" uniqueId="sk-1N8D-97291" showHelp="true" label="Start Date/Time"/>
																			<skuid__field id="properties.enddatetime_txt" uniqueId="sk-1N8D-97273" showHelp="true" label="End Date/Time"/>
																			<skuid__field id="properties.booking_all_day" uniqueId="sk-1NU8-34564" showHelp="true" label="All day event" displayAs="SWITCH"/>
																		</fields>
																	</section>
																</sections>
															</column>
														</columns>
														<styles>
															<spacing bottom="2"/>
														</styles>
														<renderConditions logictype="and"/>
														<styleVariantConditions/>
													</skuid__form>
												</components>
												<afterCloseActions>
													<action type="cancel">
														<models>
															<model>NewBooking</model>
														</models>
													</action>
												</afterCloseActions>
												<buttons>
													<skuid__button label="Save booking" uniqueId="sk-3yGv-30588" styleSettingsVariant="primary">
														<actions>
															<action type="custom" snippet="(request body) create new booking"/>
															<action type="save">
																<models>
																	<model>NewBooking</model>
																</models>
																<onerroractions>
																	<action type="blockUI" message="There was an error" timeout="3000"/>
																</onerroractions>
															</action>
															<action type="requeryModels" behavior="standard">
																<models>
																	<model>BookingList</model>
																</models>
															</action>
															<action type="closeModals" closebehavior="close"/>
														</actions>
														<renderConditions logictype="and"/>
														<enableConditions logictype="and">
															<condition type="blank" operator="!=" fieldmodel="NewBooking" sourcetype="fieldvalue" nosourcerowbehavior="deactivate" field="properties.booking_type" value="null" enclosevalueinquotes="false"/>
															<condition type="blank" operator="!=" fieldmodel="NewBooking" sourcetype="fieldvalue" nosourcerowbehavior="deactivate" field="properties.booking_name" value="null" enclosevalueinquotes="false"/>
															<condition type="blank" operator="!=" fieldmodel="NewBooking" sourcetype="fieldvalue" nosourcerowbehavior="deactivate" field="properties.startdatetime_txt" value="null" enclosevalueinquotes="false"/>
															<condition type="blank" operator="!=" fieldmodel="NewBooking" sourcetype="fieldvalue" nosourcerowbehavior="deactivate" field="properties.enddatetime_txt" value="null" enclosevalueinquotes="false"/>
															<condition type="blank" operator="!=" fieldmodel="NewBooking" sourcetype="fieldvalue" nosourcerowbehavior="deactivate" field="properties.booking_all_day" value="null" enclosevalueinquotes="false"/>
														</enableConditions>
														<styleVariantConditions/>
													</skuid__button>
													<skuid__button label="Cancel" uniqueId="sk-3yGv-31096">
														<actions>
															<action type="cancel">
																<models>
																	<model>NewBooking</model>
																</models>
															</action>
														</actions>
													</skuid__button>
												</buttons>
												<afterCloseActions>
													<action type="cancel">
														<models>
															<model>NewBooking</model>
														</models>
													</action>
												</afterCloseActions>
											</skuid__modal>
										</action>
									</onCreateActions>
									<afterChangeActions>
										<action type="showToast" duration="4" position="bl" message="Saving..."/>
										<action type="save" autogenerated="true">
											<models>
												<model autogenerated="true">BookingList</model>
											</models>
											<onerroractions>
												<action type="blockUI" message="There was an error" timeout="3000"/>
											</onerroractions>
										</action>
										<action type="showToast" duration="4" position="bl" message="Saved"/>
									</afterChangeActions>
								</eventSource>
							</eventSources>
							<views>
								<view type="timeGridWeek" startTime="08:00:00" endTime="20:00:00" divisions="00:30:00"/>
								<view type="dayGridMonth"/>
								<view type="timeGridDay" startTime="08:00:00" endTime="20:00:00" divisions="00:30:00"/>
								<view type="listViewSkuid"/>
							</views>
							<styles>
								<spacing/>
							</styles>
							<renderConditions logictype="and"/>
							<styleVariantConditions/>
						</skuid__calendar>
					</components>
				</division>
			</divisions>
			<styles>
				<spacing top="2" right="2" bottom="2" left="2"/>
			</styles>
			<background/>
		</skuid__grid>
	</components>
	<resources>
		<labels/>
		<javascript>
			<jsitem location="inlinesnippet" name="log stuff" cachelocation="false">const params = arguments[0];

console.log(params);</jsitem>
			<jsitem location="inlinesnippet" name="(request body) create new booking" cachelocation="false">const   params = arguments[0],
        $ = skuid.$,
        bookingModel = skuid.$M('NewBooking'),
        bookingData = bookingModel.getFirstRow();
        dealModel = skuid.$M('HubSpot_Deal_Detail'),
        dealId = dealModel.getFirstRow();
console.log(dealId);
// console.log(params);

var requestBody = 
// POST request to https://api.hubapi.com/crm/v3/objects/2-13706548
{
  "properties": {
    "booking_name": bookingData.booking_name,
    "booking_type": bookingData.booking_type,
    "startdatetime_txt": bookingData.startdatetime_txt,
    "enddatetime_txt": bookingData.enddatetime_txt,
    "room": bookingData.room
  },
  "associations": [
    {
      "to": {
        "id": dealId.hs_object_id
      },
      "types": [
        {
          "associationCategory": "USER_DEFINED",
          "associationTypeId": 35
        }
      ]
    }
  ]
};

console.log(requestBody);
bookingModel.dataSource.requestBodyParameters = requestBody;</jsitem>
		</javascript>
		<css/>
		<actionsequences/>
	</resources>
	<styles>
		<styleitem type="background" bgtype="none"/>
	</styles>
</skuid__page>