{
	"name": "D3 in Skuid",
	"baseUrl": "/D3Skuid",
	"defaultRoute": "/",
	"routes": [
		{
			"route": "scatterplot",
			"page": "corr_Scatterplot"
		},
		{
			"route": "heatmap",
			"page": "corr_Heatmap"
		},
		{
			"route": "boxplot",
			"page": "dist_Boxplot"
		},
		{
			"route": "hexbin",
			"page": "dist_Hexbin"
		},
		{
			"route": "bubblemap",
			"page": "hide_mapp_Bubblemap"
		},
		{
			"route": "/",
			"page": "Index"
		},
		{
			"route": "treemap",
			"page": "part_Tree Map"
		},
		{
			"route": "bubblechart",
			"page": "corr_Bubble Chart"
		},
		{
			"route": "lollipop",
			"page": "rank_Horizontal Lollipop Chart"
		},
		{
			"route": "circularBarplot",
			"page": "rank_Circular Barplot"
		},
		{
			"route": "ridgeline",
			"page": "dist_Ridgeline Plot"
		},
		{
			"route": "densityplot",
			"page": "dist_Density Plot"
		},
		{
			"route": "histogram",
			"page": "dist_Histogram"
		},
		{
			"route": "circlepacking",
			"page": "part_Circle Packing"
		}
	]
}