{
	"name": "Admin",
	"enableSignupApi": false,
	"enableSignupUi": false,
	"permissionSet": {
		"name": "Admin",
		"appPermissions": {},
		"dataSourcePermissions": {
			"HubSpotTestApp": {},
			"Hubspot_AddOns": {
				"dataSourceObjectPermissions": {
					"HubSpot_SPICED_Score": {
						"createable": true,
						"dataSourceFieldPermissions": {
							"created_at": {
								"createable": false,
								"queryable": true,
								"updateable": false
							},
							"created_by_id": {
								"createable": false,
								"queryable": true,
								"updateable": false
							},
							"critical_event_qualification": {
								"createable": true,
								"queryable": true,
								"updateable": true
							},
							"critical_event_score": {
								"createable": true,
								"queryable": true,
								"updateable": true
							},
							"decision_qualification": {
								"createable": true,
								"queryable": true,
								"updateable": true
							},
							"decision_score": {
								"createable": true,
								"queryable": true,
								"updateable": true
							},
							"id": {
								"createable": false,
								"queryable": true,
								"updateable": false
							},
							"impact_qualification": {
								"createable": true,
								"queryable": true,
								"updateable": true
							},
							"impact_score": {
								"createable": true,
								"queryable": true,
								"updateable": true
							},
							"is_active": {
								"createable": true,
								"queryable": true,
								"updateable": true
							},
							"pain_qualification": {
								"createable": true,
								"queryable": true,
								"updateable": true
							},
							"pain_score": {
								"createable": true,
								"queryable": true,
								"updateable": true
							},
							"related_hubspot_deal": {
								"createable": true,
								"queryable": true,
								"updateable": true
							},
							"related_hubspot_deal_stage": {
								"createable": true,
								"queryable": true,
								"updateable": true
							},
							"situation_qualification": {
								"createable": true,
								"queryable": true,
								"updateable": true
							},
							"situation_score": {
								"createable": true,
								"queryable": true,
								"updateable": true
							},
							"spiced_total_score": {
								"createable": true,
								"queryable": true,
								"updateable": true
							},
							"updated_at": {
								"createable": false,
								"queryable": true,
								"updateable": false
							},
							"updated_by_id": {
								"createable": false,
								"queryable": true,
								"updateable": false
							}
						},
						"deleteable": true,
						"permissioning_type": "Basic",
						"queryable": true,
						"updateable": true
					}
				}
			}
		},
		"description": ""
	},
	"requireEmailVerificationOnSignup": true
}