{
	"name": "Hubspot_AddOns",
	"config": {
		"ssl": false,
		"ssl-ca": "",
		"ssl-cert": "",
		"ssl-key": ""
	},
	"databaseName": "Hubspot_AddOns",
	"isControlled": true,
	"objects": [
		{
			"batchable": true,
			"conditionsLogic": "",
			"fields": [
				{
					"displayType": "DATETIME",
					"filterable": true,
					"groupable": true,
					"isIdField": false,
					"isNameField": false,
					"label": "Created At",
					"name": "created_at",
					"readOnly": true,
					"sortable": true,
					"standard": true
				},
				{
					"displayType": "UUID",
					"filterable": true,
					"groupable": true,
					"isIdField": false,
					"isNameField": false,
					"label": "Created By",
					"name": "created_by_id",
					"readOnly": true,
					"sortable": true,
					"standard": true
				},
				{
					"displayType": "TEXTAREA",
					"filterable": true,
					"groupable": true,
					"isIdField": false,
					"isNameField": false,
					"label": "Critical Event Qualification",
					"length": 255,
					"name": "critical_event_qualification",
					"sortable": true,
					"standard": false
				},
				{
					"displayType": "DOUBLE",
					"filterable": true,
					"groupable": true,
					"isIdField": false,
					"isNameField": false,
					"label": "Critical Event Score",
					"length": 255,
					"name": "critical_event_score",
					"precision": 9,
					"scale": 2,
					"sortable": true,
					"standard": false
				},
				{
					"displayType": "TEXTAREA",
					"filterable": true,
					"groupable": true,
					"isIdField": false,
					"isNameField": false,
					"label": "Decision Qualification",
					"length": 255,
					"name": "decision_qualification",
					"sortable": true,
					"standard": false
				},
				{
					"displayType": "DOUBLE",
					"filterable": true,
					"groupable": true,
					"isIdField": false,
					"isNameField": false,
					"label": "Decision Score",
					"length": 255,
					"name": "decision_score",
					"precision": 9,
					"scale": 2,
					"sortable": true,
					"standard": false
				},
				{
					"displayType": "UUID",
					"filterable": true,
					"groupable": true,
					"isIdField": true,
					"isNameField": false,
					"label": "Id",
					"name": "id",
					"readOnly": true,
					"sortable": true,
					"standard": true
				},
				{
					"displayType": "TEXTAREA",
					"filterable": true,
					"groupable": true,
					"isIdField": false,
					"isNameField": false,
					"label": "Impact Qualification",
					"length": 255,
					"name": "impact_qualification",
					"sortable": true,
					"standard": false
				},
				{
					"displayType": "DOUBLE",
					"filterable": true,
					"groupable": true,
					"isIdField": false,
					"isNameField": false,
					"label": "Impact Score",
					"length": 255,
					"name": "impact_score",
					"precision": 9,
					"scale": 2,
					"sortable": true,
					"standard": false
				},
				{
					"displayType": "BOOLEAN",
					"filterable": true,
					"groupable": true,
					"isIdField": false,
					"isNameField": false,
					"label": "Is Active",
					"length": 255,
					"name": "is_active",
					"sortable": true,
					"standard": false
				},
				{
					"displayType": "TEXTAREA",
					"filterable": true,
					"groupable": true,
					"isIdField": false,
					"isNameField": false,
					"label": "Pain Qualification",
					"length": 255,
					"name": "pain_qualification",
					"sortable": true,
					"standard": false
				},
				{
					"displayType": "DOUBLE",
					"filterable": true,
					"groupable": true,
					"isIdField": false,
					"isNameField": false,
					"label": "Pain Score",
					"length": 255,
					"name": "pain_score",
					"precision": 9,
					"scale": 2,
					"sortable": true,
					"standard": false
				},
				{
					"displayType": "DOUBLE",
					"filterable": true,
					"groupable": true,
					"isIdField": false,
					"isNameField": false,
					"label": "Related HubSpot Deal",
					"length": 255,
					"name": "related_hubspot_deal",
					"precision": 20,
					"scale": 0,
					"sortable": true,
					"standard": false
				},
				{
					"displayType": "TEXT",
					"filterable": true,
					"groupable": true,
					"isIdField": false,
					"isNameField": false,
					"label": "Related HubSpot Deal Stage",
					"length": 255,
					"name": "related_hubspot_deal_stage",
					"sortable": true,
					"standard": false
				},
				{
					"displayType": "TEXTAREA",
					"filterable": true,
					"groupable": true,
					"isIdField": false,
					"isNameField": false,
					"label": "Situation Qualification",
					"length": 255,
					"name": "situation_qualification",
					"sortable": true,
					"standard": false
				},
				{
					"displayType": "DOUBLE",
					"filterable": true,
					"groupable": true,
					"isIdField": false,
					"isNameField": false,
					"label": "Situation Score",
					"length": 255,
					"name": "situation_score",
					"precision": 9,
					"scale": 2,
					"sortable": true,
					"standard": false
				},
				{
					"displayType": "DOUBLE",
					"filterable": true,
					"groupable": true,
					"isIdField": false,
					"isNameField": false,
					"label": "SPICED Total Score",
					"length": 255,
					"name": "spiced_total_score",
					"precision": 9,
					"scale": 2,
					"sortable": true,
					"standard": false
				},
				{
					"displayType": "DATETIME",
					"filterable": true,
					"groupable": true,
					"isIdField": false,
					"isNameField": false,
					"label": "Updated At",
					"name": "updated_at",
					"readOnly": true,
					"sortable": true,
					"standard": true
				},
				{
					"displayType": "UUID",
					"filterable": true,
					"groupable": true,
					"isIdField": false,
					"isNameField": false,
					"label": "Last Modified By",
					"name": "updated_by_id",
					"readOnly": true,
					"sortable": true,
					"standard": true
				}
			],
			"label": "HubSpot SPICED Score",
			"labelPlural": "HubSpot SPICED Scores",
			"name": "HubSpot_SPICED_Score",
			"schema": "",
			"tableName": "HubSpot_SPICED_Score"
		}
	],
	"type": "SkuidDB",
	"url": "",
	"version": "2"
}