{
	"name": "HubSpotTestApp",
	"authRequestBody": null,
	"authRequestBodyContentType": null,
	"authRequestHeaders": null,
	"authRequestVerb": "POST",
	"authUrl": null,
	"authentication": "none",
	"config": null,
	"credentialSource": "org",
	"isControlled": false,
	"nameIdentifierFormula": "{{$User.FirstName}}@skuid.com",
	"requestBodyParameters": null,
	"requestHeaders": {
		"Authorization": "Bearer <your API key>"
	},
	"requestUrlParameters": null,
	"type": "REST",
	"url": "https://api.hubapi.com",
	"useProxy": true,
	"version": null
}