{
	"authentication": "none",
	"authRequestBody": null,
	"authRequestBodyContentType": null,
	"authRequestHeaders": null,
	"authRequestVerb": "POST",
	"authUrl": null,
	"config": {
		"odata-version": "4"
	},
	"credentialSource": "none",
	"name": "RawGithubContent_RobHatch",
	"nameIdentifierFormula": null,
	"requestBodyParameters": null,
	"requestHeaders": null,
	"requestUrlParameters": null,
	"type": "REST",
	"url": "https://raw.githubusercontent.com/Rnhatch/skuid-labs/Rnhatch-SkuidD3",
	"useProxy": true,
	"version": null
}