<skuid__page unsavedchangeswarning="yes" personalizationmode="server" title="D3 Scatterplot">
	<models>
		<model id="VizData" query="true" createrowifnonefound="false" datasource="RawGithubContent_RobHatch" verb="GET" payloadcontenttype="JSON" endpoint="/experiments/pages/SkuidD3/exampleData/twoNumbers.json">
			<fields>
				<field id="SalePrice" label="Sale Price" ispolymorphic="false" isnamepointing="false" displaytype="DOUBLE" precision="6" scale="0" accessible="true" filterable="true"/>
				<field id="GrLivArea" label="Gr Liv Area" ispolymorphic="false" isnamepointing="false" displaytype="DOUBLE" precision="4" scale="0" accessible="true" filterable="true"/>
			</fields>
			<conditions/>
			<actions/>
		</model>
	</models>
	<components/>
	<resources>
		<actionsequences/>
		<javascript>
			<jsitem location="external" name="D3" cachelocation="false" url="https://d3js.org/d3.v4.js">var params = arguments[0],
	$ = skuid.$;</jsitem>
			<jsitem location="inline" name="Viz" cachelocation="false" url="">// Skuid inline snippet code - with items necessary to create a V2 custom component. 
(function(skuid){
	var $ = skuid.$,
		h = skuid.virtualDom.hyperScript;


	skuid.componentType.register("skuid__D3Component", {
		schema: {
			attributes: {},
			properties: {},
		},
		getStyles() {
			return {};
		},
		init() {},
		renderVDom(c) {
			const gc = c.shortcut("getStyledClasses");
			const cpi = c._getCPI();
			return h("div",
				{
				    key: c,
					afterCreate: cpi.afterCreate,
				}
			);
		},
		cpi: {
			afterCreate(el) {
				const gc = this.shortcut("getStyledClasses");
               // Code copied from d3-graph-gallery.com and adjusted

                // set the dimensions and margins of the graph
                var margin = {top: 10, right: 30, bottom: 30, left: 60},
                    width = 460 - margin.left - margin.right,
                    height = 450 - margin.top - margin.bottom;
                
                // append the svg object to the body of the page
                var svg = d3.select(el)
                  .append("svg")
                    .attr("width", width + margin.left + margin.right)
                    .attr("height", height + margin.top + margin.bottom)
                  .append("g")
                    .attr("transform",
                          "translate(" + margin.left + "," + margin.top + ")");
                
                    // get the data.  Instead of using D3.csv or D3.Json to get a file and parse it (and return a function),  we can simply retrieve the model.data object. 
                    var data = skuid.$M('VizData').data;
                
                  // Add X axis
                  var x = d3.scaleLinear()
                    .domain([0, 3000])
                    .range([ 0, width ]);
                  svg.append("g")
                    .attr("transform", "translate(0," + height + ")")
                    .call(d3.axisBottom(x));
                
                  // Add Y axis
                  var y = d3.scaleLinear()
                    .domain([0, 400000])
                    .range([ height, 0]);
                  svg.append("g")
                    .call(d3.axisLeft(y));
                
                  // Add a tooltip div. Here I define the general feature of the tooltip: stuff that do not depend on the data point.
                  // Its opacity is set to 0: we don't see it by default.
                  var tooltip = d3.select(el)
                    .append("div")
                    .style("opacity", 0)
                    .attr("class", "tooltip")
                    .style("background-color", "white")
                    .style("border", "solid")
                    .style("border-width", "1px")
                    .style("border-radius", "5px")
                    .style("padding", "10px");
                
                  // A function that change this tooltip when the user hover a point.
                  // Its opacity is set to 1: we can now see it. Plus it set the text and position of tooltip depending on the datapoint (d)
                  var mouseover = function(d) {
                    tooltip
                      .style("opacity", 1);
                  };
                
                  var mousemove = function(d) {
                    tooltip
                      .html("The Living area is: " + d.GrLivArea + " sq ft &lt;br /&gt; The Sale Price is: $" + d.SalePrice)
                      .style("left", (d3.mouse(this)[0]+90) + "px") // It is important to put the +90: other wise the tooltip is exactly where the point is an it creates a weird effect
                      .style("top", (d3.mouse(this)[1])+160 + "px")
                      .style("position", "absolute");
                  };
                
                  // A function that change this tooltip when the leaves a point: just need to set opacity to 0 again
                  var mouseleave = function(d) {
                    tooltip
                      .transition()
                      .duration(2000)
                      .style("opacity", 0)
                  }
                
                  // Add dots
                  svg.append('g')
                    .selectAll("dot")
                    .data(data.filter(function(d,i){return i&lt;50})) // the .filter part is just to keep a few dots on the chart, not all of them
                    .enter()
                    .append("circle")
                      .attr("cx", function (d) { return x(d.GrLivArea); } )
                      .attr("cy", function (d) { return y(d.SalePrice); } )
                      .attr("r", 15)
                      .style("fill", "#69b3a2")
                      .style("opacity", 0.6)
                      .style("stroke", "white")
                    .on("mouseover", mouseover )
                    .on("mousemove", mousemove )
                    .on("mouseleave", mouseleave )

                //end of copied code
		},
		},
	});
	
})(skuid);</jsitem>
		</javascript>
		<labels/>
	</resources>
	<pageregioncontents>
		<pageregioncontent regionid="sk-1EQK-2503" uniqueid="sk-1ERj-1151">
			<components>
				<skuid__header uniqueid="sk-1ET8-2040" title="Scatterplot"/>
				<skuid__text contents="A scatterplot displays the relationship between 2 numeric variables. For each data point, the value of its first variable is represented on the X axis, the second on the Y axis." uniqueid="sk-1ETB-2228">
					<styles>
						<spacing/>
					</styles>
				</skuid__text>
				<skuid__grid uniqueid="sk-1DoB-4518" flexDirection="row" justifyContent="flex-start" alignItems="flex-start" columnGutter="1" rowGutter="0">
					<divisions>
						<division minWidth="100px" ratio="1" uniqueId="sk-1DoB-4582" alignSelf="auto">
							<components>
								<skuid__D3Component uniqueid="sk-1D-Y-372"/>
							</components>
						</division>
						<division alignSelf="auto" minWidth="100px" ratio="1" uniqueId="sk-1ENn-1752">
							<components>
								<skuid__text contents="Instructions:" uniqueid="sk-1EYY-2245" styleSettingsVariant="increased">
									<styles>
										<spacing/>
									</styles>
								</skuid__text>
								<skuid__text contents="How to configure this component in Skuid" uniqueid="sk-1EUF-3439">
									<styles>
										<spacing/>
									</styles>
								</skuid__text>
							</components>
						</division>
					</divisions>
					<styles>
						<spacing top="4"/>
					</styles>
					<interactions/>
				</skuid__grid>
			</components>
		</pageregioncontent>
	</pageregioncontents>
</skuid__page>