<skuid__page unsavedchangeswarning="yes" personalizationmode="server" title="D3 Bubble Chart">
	<models>
		<model id="VizData" query="true" createrowifnonefound="false" datasource="RawGithubContent_RobHatch" verb="GET" payloadcontenttype="JSON" endpoint="/experiments/pages/SkuidD3/exampleData/CountryNumbers.json">
			<fields>
				<field id="homecontinent" label="Homecontinent" ispolymorphic="false" isnamepointing="false" displaytype="STRING" accessible="true" filterable="true"/>
				<field id="homelat" label="Homelat" ispolymorphic="false" isnamepointing="false" displaytype="DOUBLE" precision="3" scale="1" accessible="true" filterable="true"/>
				<field id="homelon" label="Homelon" ispolymorphic="false" isnamepointing="false" displaytype="DOUBLE" precision="3" scale="0" accessible="true" filterable="true"/>
				<field id="n" label="N" ispolymorphic="false" isnamepointing="false" displaytype="DOUBLE" precision="1" scale="0" accessible="true" filterable="true"/>
			</fields>
			<conditions/>
			<actions/>
		</model>
	</models>
	<components/>
	<resources>
		<actionsequences/>
		<javascript>
			<jsitem location="external" name="D3" cachelocation="false" url="https://d3js.org/d3.v4.js">var params = arguments[0],
	$ = skuid.$;</jsitem>
			<jsitem location="external" cachelocation="false" name="Chromatic Plugin" url="https://d3js.org/d3-scale-chromatic.v1.min.js">var params = arguments[0],
	$ = skuid.$;</jsitem>
			<jsitem location="inline" name="Viz" cachelocation="false" url="">// Skuid inline snippet code - with items necessary to create a V2 custom component. 
(function(skuid){
	var $ = skuid.$,
		h = skuid.virtualDom.hyperScript;


	skuid.componentType.register("skuid__D3Component", {
		schema: {
			attributes: {},
			properties: {},
		},
		getStyles() {
			return {
			};
		},
		init() {},
		renderVDom(c) {
			const gc = c.shortcut("getStyledClasses");
			const cpi = c._getCPI();
			return h("div",
				{
				    key: c,
					afterCreate: cpi.afterCreate,
				}
			);
		},
		cpi: {
			afterCreate(el) {
				const gc = this.shortcut("getStyledClasses");
               // Code copied from d3-graph-gallery.com and adjusted
                // set the dimensions and margins of the graph
                var margin = {top: 10, right: 20, bottom: 30, left: 50},
                    width = 500 - margin.left - margin.right,
                    height = 420 - margin.top - margin.bottom;
                
                // append the svg object to the body of the page
                var svg = d3.select(el)
                  .append("svg")
                    .attr("width", width + margin.left + margin.right)
                    .attr("height", height + margin.top + margin.bottom)
                  .append("g")
                    .attr("transform",
                          "translate(" + margin.left + "," + margin.top + ")");

                // get the data.  Instead of using D3.csv or D3.Json to get a file and parse it (and return a function),  we can simply retrieve the model.data object. 
                var data = skuid.$M('VizData').data;

                  // Add X axis
                  var x = d3.scaleLinear()
                    .domain([0, 12000])
                    .range([ 0, width ]);
                  svg.append("g")
                    .attr("transform", "translate(0," + height + ")")
                    .call(d3.axisBottom(x));
                
                  // Add Y axis
                  var y = d3.scaleLinear()
                    .domain([35, 90])
                    .range([ height, 0]);
                  svg.append("g")
                    .call(d3.axisLeft(y));
                
                  // Add a scale for bubble size
                  var z = d3.scaleLinear()
                    .domain([200000, 1310000000])
                    .range([ 4, 40]);
                
                  // Add a scale for bubble color
                  var myColor = d3.scaleOrdinal()
                    .domain(["Asia", "Europe", "Americas", "Africa", "Oceania"])
                    .range(d3.schemeSet2);
                
                  // -1- Create a tooltip div that is hidden by default:
                  var tooltip = d3.select(el)
                    .append("div")
                      .style("opacity", 0)
                      .attr("class", "tooltip")
                      .style("background-color", "black")
                      .style("border-radius", "5px")
                      .style("padding", "10px")
                      .style("color", "white")
                
                  // -2- Create 3 functions to show / update (when mouse move but stay on same circle) / hide the tooltip
                  var showTooltip = function(d) {
                    tooltip
                      .transition()
                      .duration(200)
                    tooltip
                      .style("opacity", 1)
                      .html("Country: " + d.country +"&lt;br /&gt;Life Expectancy: " + d.lifeExp +"&lt;br /&gt;Population: " + d.pop +"&lt;br / &gt;GDP Per Cap: " + d.gdpPercap)
                      .style("left", (d3.mouse(this)[0]+30) + "px")
                      .style("top", (d3.mouse(this)[1]+30) + "px")
                      .style("position", "absolute")
                  }
                  var moveTooltip = function(d) {
                    tooltip
                      .style("left", (d3.mouse(this)[0]+30) + "px")
                      .style("top", (d3.mouse(this)[1]+170) + "px")
                  }
                  var hideTooltip = function(d) {
                    tooltip
                      .transition()
                      .duration(2000)
                      .style("opacity", 0)
                  }
                
                  // Add dots
                  svg.append('g')
                    .selectAll("dot")
                    .data(data)
                    .enter()
                    .append("circle")
//                      .attr("class", "bubbles")
                      .attr("cx", function (d) { return x(d.gdpPercap); } )
                      .attr("cy", function (d) { return y(d.lifeExp); } )
                      .attr("r", function (d) { return z(d.pop); } )
                      .style("fill", function (d) { return myColor(d.continent); } )
                      .style("stroke-width", "2px")    
                      .style("stroke", "white")    

                    // -3- Trigger the functions
                    .on("mouseover", showTooltip )
                    .on("mousemove", moveTooltip )
                    .on("mouseleave", hideTooltip )
                
                //end of copied code
    		},
		},
	});
	
})(skuid);</jsitem>
		</javascript>
		<labels/>
	</resources>
	<pageregioncontents>
		<pageregioncontent regionid="sk-1EQK-2503" uniqueid="sk-1ERj-1151">
			<components>
				<skuid__header uniqueid="sk-1ET8-2040" title="Bubble Chart"/>
				<skuid__text contents="A bubble plot is a scatter plot with a third numeric variable mapped to circle size.&amp;nbsp;" uniqueid="sk-1ETB-2228">
					<styles>
						<spacing/>
					</styles>
				</skuid__text>
				<skuid__grid uniqueid="sk-1DoB-4518" flexDirection="row" justifyContent="flex-start" alignItems="flex-start" columnGutter="1" rowGutter="0">
					<divisions>
						<division minWidth="100px" ratio="1" uniqueId="sk-1DoB-4582" alignSelf="auto">
							<components>
								<skuid__D3Component uniqueid="sk-1D-Y-372"/>
							</components>
						</division>
						<division alignSelf="auto" minWidth="100px" ratio="1" uniqueId="sk-1ENn-1752">
							<components>
								<skuid__text contents="Instructions:" uniqueid="sk-1EYY-2245" styleSettingsVariant="increased">
									<styles>
										<spacing/>
									</styles>
								</skuid__text>
								<skuid__text contents="How to configure this component in Skuid" uniqueid="sk-1EUF-3439">
									<styles>
										<spacing/>
									</styles>
								</skuid__text>
							</components>
						</division>
					</divisions>
					<styles>
						<spacing top="4"/>
					</styles>
					<interactions/>
				</skuid__grid>
			</components>
		</pageregioncontent>
	</pageregioncontents>
</skuid__page>