<skuid__page unsavedchangeswarning="yes" personalizationmode="server">
	<models>
		<model id="VizData" query="true" createrowifnonefound="false" datasource="RawGithubContent_RobHatch" verb="GET" payloadcontenttype="JSON" endpoint="/experiments/pages/SkuidD3/exampleData/HeatmapData.json">
			<fields>
				<field id="group" label="Group" ispolymorphic="false" isnamepointing="false" displaytype="STRING" accessible="true" filterable="true"/>
				<field id="value" label="Value" ispolymorphic="false" isnamepointing="false" displaytype="DOUBLE" precision="2" scale="0" accessible="true" filterable="true"/>
				<field id="variable" label="Variable" ispolymorphic="false" isnamepointing="false" displaytype="STRING" accessible="true" filterable="true"/>
			</fields>
			<conditions/>
			<actions/>
		</model>
	</models>
	<components/>
	<resources>
		<actionsequences/>
		<javascript>
			<jsitem location="external" name="D3" cachelocation="false" url="https://d3js.org/d3.v4.js">var params = arguments[0],
	$ = skuid.$;</jsitem>
			<jsitem location="inline" name="Viz" cachelocation="false" url="">// Skuid inline snippet code - with items necessary to create a V2 custom component. 
(function(skuid){
	var $ = skuid.$,
		h = skuid.virtualDom.hyperScript;


	skuid.componentType.register("skuid__D3Component", {
		schema: {
			attributes: {},
			properties: {},
		},
		getStyles() {
			return {};
		},
		init() {},
		renderVDom(c) {
			const gc = c.shortcut("getStyledClasses");
			const cpi = c._getCPI();
			return h("div",
				{
				    key: c,
					afterCreate: cpi.afterCreate,
				}
			);
		},
		cpi: {
			afterCreate(el) {
				const gc = this.shortcut("getStyledClasses");
               // Code copied from d3-graph-gallery.com and adjusted

                // set the dimensions and margins of the graph
                var margin = {top: 30, right: 30, bottom: 30, left: 30},
                  width = 550 - margin.left - margin.right,
                  height = 550 - margin.top - margin.bottom;
                
                // append the svg object to the body of the page
                var svg = d3.select(el)
                .append("svg")
                  .attr("width", width + margin.left + margin.right)
                  .attr("height", height + margin.top + margin.bottom)
                .append("g")
                  .attr("transform",
                        "translate(" + margin.left + "," + margin.top + ")");
                
                // Labels of row and columns
                var myGroups = ["A", "B", "C", "D", "E", "F", "G", "H", "I", "J"]
                var myVars = ["v1", "v2", "v3", "v4", "v5", "v6", "v7", "v8", "v9", "v10"]
                
                // Build color scale
                var myColor = d3.scaleLinear()
                  .range(["white", "#69b3a2"])
                  .domain([1,100])
                
                // get the data.  Instead of using D3.csv or D3.Json to get a file and parse it (and return a function),  we can simply retrieve the model.data object. 
                var data = skuid.$M('VizData').data;

                // Build X scales and axis:
                var x = d3.scaleBand()
                  .range([ 0, width ])
                  .domain(data.map(function(d) { return d.group; }))
                  .padding(0.01);
                svg.append("g")
                  .attr("transform", "translate(0," + height + ")")
                  .call(d3.axisBottom(x))
                
                // Build X scales and axis:
                var y = d3.scaleBand()
                  .range([ height, 0 ])
                  .domain(data.map(function(d) { return d.variable; }))
                  .padding(0.01);
                svg.append("g")
                  .call(d3.axisLeft(y));

                  // create a tooltip
                  var tooltip = d3.select(el)
                    .append("div")
                    .style("opacity", 0)
                    .attr("class", "tooltip")
                    .style("background-color", "white")
                    .style("border", "solid")
                    .style("border-width", "2px")
                    .style("border-radius", "5px")
                    .style("padding", "5px")
                
                  // Three function that change the tooltip when user hover / move / leave a cell
                  var mouseover = function(d) {
                    tooltip.style("opacity", 1)
                  }
                  var mousemove = function(d) {
                    tooltip
                      .html("The value of this&lt;br /&gt;cell is: " + d.value)
                      .style("left", (d3.mouse(this)[0]+70) + "px")
                      .style("top", (d3.mouse(this)[1]+160) + "px")
                      .style("position", "absolute")
                  }
                  var mouseleave = function(d) {
                    tooltip.style("opacity", 0)
                  }
                
                  // add the squares
                  svg.selectAll()
                    .data(data, function(d) {return d.group+':'+d.variable;})
                    .enter()
                    .append("rect")
                      .attr("x", function(d) { return x(d.group) })
                      .attr("y", function(d) { return y(d.variable) })
                      .attr("width", x.bandwidth() )
                      .attr("height", y.bandwidth() )
                      .style("fill", function(d) { return myColor(d.value)} )
                    .on("mouseover", mouseover)
                    .on("mousemove", mousemove)
                    .on("mouseleave", mouseleave)
                //end of copied code
    		},
		},
	});
})(skuid);</jsitem>
		</javascript>
		<labels/>
	</resources>
	<pageregioncontents>
		<pageregioncontent regionid="sk-1EQK-2503" uniqueid="sk-1ERj-1151">
			<components>
				<skuid__header uniqueid="sk-1ET8-2040" title="Heatmap"/>
				<skuid__text contents="A heatmap is a graphical representation of data where the individual values contained in a matrix are represented as colors. It is a bit like looking a data table from above." uniqueid="sk-1ETB-2228">
					<styles>
						<spacing/>
					</styles>
				</skuid__text>
				<skuid__grid uniqueid="sk-1DoB-4518" flexDirection="row" justifyContent="flex-start" alignItems="flex-start" columnGutter="1" rowGutter="0">
					<divisions>
						<division minWidth="100px" ratio="1" uniqueId="sk-1DoB-4582" alignSelf="auto">
							<components>
								<skuid__D3Component uniqueid="sk-1D-Y-372"/>
							</components>
						</division>
						<division alignSelf="auto" minWidth="100px" ratio="1" uniqueId="sk-1ENn-1752">
							<components>
								<skuid__text contents="Instructions:" uniqueid="sk-1EYY-2245" styleSettingsVariant="increased">
									<styles>
										<spacing/>
									</styles>
								</skuid__text>
								<skuid__text contents="How to configure this component in Skuid" uniqueid="sk-1EUF-3439">
									<styles>
										<spacing/>
									</styles>
								</skuid__text>
							</components>
						</division>
					</divisions>
					<styles>
						<spacing top="4"/>
					</styles>
					<interactions/>
				</skuid__grid>
			</components>
		</pageregioncontent>
	</pageregioncontents>
</skuid__page>