<skuid__page unsavedchangeswarning="yes" personalizationmode="server" title="D3 Histogram">
	<models>
		<model id="VizData" query="true" createrowifnonefound="false" datasource="RawGithubContent_RobHatch" verb="GET" payloadcontenttype="JSON" endpoint="/experiments/pages/SkuidD3/exampleData/SimpleRange.json">
			<fields>
				<field id="price" label="Price" ispolymorphic="false" isnamepointing="false" displaytype="DOUBLE" precision="2" scale="0" accessible="true" filterable="true"/>
			</fields>
			<conditions/>
			<actions/>
		</model>
	</models>
	<components/>
	<resources>
		<actionsequences/>
		<javascript>
			<jsitem location="external" name="D3" cachelocation="false" url="https://d3js.org/d3.v4.js">var params = arguments[0],
	$ = skuid.$;</jsitem>
			<jsitem location="inline" name="Viz" cachelocation="false" url="">// Skuid inline snippet code - with items necessary to create a V2 custom component. 
(function(skuid){
	var $ = skuid.$,
		h = skuid.virtualDom.hyperScript;


	skuid.componentType.register("skuid__D3Component", {
		schema: {
			attributes: {},
			properties: {},
		},
		getStyles() {
			return {};
		},
		init() {},
		renderVDom(c) {
			const gc = c.shortcut("getStyledClasses");
			const cpi = c._getCPI();
			return h("div",
				{
				    key: c,
					afterCreate: cpi.afterCreate,
				}
			);
		},
		cpi: {
			afterCreate(el) {
				const gc = this.shortcut("getStyledClasses");

                    // Code copied from d3-graph-gallery.com and adjusted
                    // set the dimensions and margins of the graph
                    var margin = {top: 10, right: 30, bottom: 30, left: 40},
                        width = 460 - margin.left - margin.right,
                        height = 400 - margin.top - margin.bottom;
                    
                    // append the svg object to the body of the page
                    var svg = d3.select(el)
                      .append("svg")
                        .attr("width", width + margin.left + margin.right)
                        .attr("height", height + margin.top + margin.bottom)
                      .append("g")
                        .attr("transform",
                              "translate(" + margin.left + "," + margin.top + ")");
                    
                    // get the data
                    var data = skuid.$M('VizData').data;

                  // X axis: scale and draw:
                  var x = d3.scaleLinear()
                      .domain([0, 1000])     // can use this instead of 1000 to have the max of data: d3.max(data, function(d) { return +d.price })
                      .range([0, width]);
                  svg.append("g")
                      .attr("transform", "translate(0," + height + ")")
                      .call(d3.axisBottom(x));
                
                  // set the parameters for the histogram
                  var histogram = d3.histogram()
                      .value(function(d) { return d.price; })   // I need to give the vector of value
                      .domain(x.domain())  // then the domain of the graphic
                      .thresholds(x.ticks(70)); // then the numbers of bins
                
                  // And apply this function to data to get the bins
                  var bins = histogram(data);
                
                  // Y axis: scale and draw:
                  var y = d3.scaleLinear()
                      .range([height, 0]);
                      y.domain([0, d3.max(bins, function(d) { return d.length; })]);   // d3.hist has to be called before the Y axis obviously
                  svg.append("g")
                      .call(d3.axisLeft(y));
                
                  // append the bar rectangles to the svg element
                  svg.selectAll("rect")
                      .data(bins)
                      .enter()
                      .append("rect")
                        .attr("x", 1)
                        .attr("transform", function(d) { return "translate(" + x(d.x0) + "," + y(d.length) + ")"; })
                        .attr("width", function(d) { return x(d.x1) - x(d.x0) -1 ; })
                        .attr("height", function(d) { return height - y(d.length); })
                        .style("fill", "#69b3a2");
                    },
		},
	});
})(skuid);</jsitem>
		</javascript>
		<labels/>
	</resources>
	<pageregioncontents>
		<pageregioncontent regionid="sk-1EQK-2503" uniqueid="sk-1ERj-1151">
			<components>
				<skuid__header title="Basic Histogram" uniqueid="sk-1ET8-2040"/>
				<skuid__text contents="The most basic histogram.&amp;nbsp;A histogram is an accurate graphical representation of the distribution of a numeric variable. It takes as input numeric variables only. The variable is cut into several bins, and the number of observation per bin is represented by the height of the bar." uniqueid="sk-1ETB-2228">
					<styles>
						<spacing/>
					</styles>
				</skuid__text>
				<skuid__grid uniqueid="sk-1DoB-4518" flexDirection="row" justifyContent="flex-start" alignItems="flex-start" columnGutter="1" rowGutter="0">
					<divisions>
						<division minWidth="100px" ratio="1" uniqueId="sk-1DoB-4582" alignSelf="auto">
							<components>
								<skuid__D3Component uniqueid="sk-1D-Y-372"/>
							</components>
						</division>
						<division alignSelf="auto" minWidth="100px" ratio="1" uniqueId="sk-1ENn-1752">
							<components>
								<skuid__text contents="Instructions:" uniqueid="sk-1EYY-2245" styleSettingsVariant="increased">
									<styles>
										<spacing/>
									</styles>
								</skuid__text>
								<skuid__text contents="How to configure this component in Skuid" uniqueid="sk-1EUF-3439">
									<styles>
										<spacing/>
									</styles>
								</skuid__text>
							</components>
						</division>
					</divisions>
					<styles>
						<spacing top="4"/>
					</styles>
					<interactions/>
				</skuid__grid>
			</components>
		</pageregioncontent>
	</pageregioncontents>
</skuid__page>