<skuid__page unsavedchangeswarning="yes" personalizationmode="server">
	<models>
		<model id="VizData" query="true" createrowifnonefound="false" datasource="RawGithubContent_RobHatch" verb="GET" payloadcontenttype="JSON" endpoint="/experiments/pages/SkuidD3/exampleData/data_for_density2d.json">
			<fields>
				<field id="group" label="Group" ispolymorphic="false" isnamepointing="false" displaytype="STRING" accessible="true" filterable="true"/>
				<field id="x" label="X" ispolymorphic="false" isnamepointing="false" displaytype="DOUBLE" precision="1" scale="1" accessible="true" filterable="true"/>
				<field id="y" label="Y" ispolymorphic="false" isnamepointing="false" displaytype="DOUBLE" precision="2" scale="1" accessible="true" filterable="true"/>
			</fields>
			<conditions/>
			<actions/>
		</model>
	</models>
	<components/>
	<resources>
		<actionsequences/>
		<javascript>
			<jsitem location="external" name="D3" cachelocation="false" url="https://d3js.org/d3.v4.js">var params = arguments[0],
	$ = skuid.$;</jsitem>
			<jsitem location="external" name="Hexbin Plugin" cachelocation="false" url="https://d3js.org/d3-hexbin.v0.2.min.js">var params = arguments[0],
	$ = skuid.$;</jsitem>
			<jsitem location="inline" name="Viz" cachelocation="false" url="">// Skuid inline snippet code - with items necessary to create a V2 custom component. 
(function(skuid){
	var $ = skuid.$,
		h = skuid.virtualDom.hyperScript;


	skuid.componentType.register("skuid__D3Component", {
		schema: {
			attributes: {},
			properties: {},
		},
		getStyles() {
			return {};
		},
		init() {},
		renderVDom(c) {
			const gc = c.shortcut("getStyledClasses");
			const cpi = c._getCPI();
			return h("div",
				{
				    key: c,
					afterCreate: cpi.afterCreate,
				}
			);
		},
		cpi: {
			afterCreate(el) {
				const gc = this.shortcut("getStyledClasses");
               // Code copied from d3-graph-gallery.com and adjusted

                // set the dimensions and margins of the graph
                var margin = {top: 10, right: 30, bottom: 30, left: 40},
                    width = 560 - margin.left - margin.right,
                    height = 500 - margin.top - margin.bottom;
                
                // append the svg object to the body of the page
                var svg = d3.select(el)
                  .append("svg")
                    .attr("width", width + margin.left + margin.right)
                    .attr("height", height + margin.top + margin.bottom)
                  .append("g")
                    .attr("transform",
                          "translate(" + margin.left + "," + margin.top + ")");
                
                    
                // get the data.  Instead of using D3.csv or D3.Json to get a file and parse it (and return a function),  we can simply retrieve the model.data object. 
                var data = skuid.$M('VizData').data;
                
                  // Add X axis
                  var x = d3.scaleLinear()
                    .domain([5, 18])
                    .range([ 0, width ]);
                  svg.append("g")
                    .attr("transform", "translate(0," + height + ")")
                    .call(d3.axisBottom(x));
                
                  // Add Y axis
                  var y = d3.scaleLinear()
                    .domain([5, 20])
                    .range([ height, 0 ]);
                  svg.append("g")
                    .call(d3.axisLeft(y));
                
                  // Reformat the data: d3.hexbin() needs a specific format
                  var inputForHexbinFun = []
                  data.forEach(function(d) {
                    inputForHexbinFun.push( [x(d.x), y(d.y)] )  // Note that we had the transform value of X and Y !
                  })
                
                  // Prepare a color palette
                  var color = d3.scaleLinear()
                      .domain([0, 600]) // Number of points in the bin?
                      .range(["transparent",  "#69b3a2"])
                
                  // Compute the hexbin data
                  var hexbin = d3.hexbin()
                    .radius(9) // size of the bin in px
                    .extent([ [0, 0], [width, height] ])
                
                  // Plot the hexbins
                  svg.append("clipPath")
                      .attr("id", "clip")
                    .append("rect")
                      .attr("width", width)
                      .attr("height", height)
                
                  svg.append("g")
                    .attr("clip-path", "url(#clip)")
                    .selectAll("path")
                    .data( hexbin(inputForHexbinFun) )
                    .enter().append("path")
                      .attr("d", hexbin.hexagon())
                      .attr("transform", function(d) { return "translate(" + d.x + "," + d.y + ")"; })
                      .attr("fill", function(d) { return color(d.length); })
                      .attr("stroke", "black")
                      .attr("stroke-width", "0.1")
                //end of copied code
    		},
		},
	});
	
})(skuid);</jsitem>
		</javascript>
		<labels/>
	</resources>
	<pageregioncontents>
		<pageregioncontent regionid="sk-1EQK-2503" uniqueid="sk-1ERj-1151">
			<components>
				<skuid__header uniqueid="sk-1ET8-2040" title="Basic Hexbin"/>
				<skuid__text contents="The hexbin chart is a representation of a 2d density." uniqueid="sk-1ETB-2228">
					<styles>
						<spacing/>
					</styles>
				</skuid__text>
				<skuid__grid uniqueid="sk-1DoB-4518" flexDirection="row" justifyContent="flex-start" alignItems="flex-start" columnGutter="1" rowGutter="0">
					<divisions>
						<division minWidth="100px" ratio="1" uniqueId="sk-1DoB-4582" alignSelf="auto">
							<components>
								<skuid__D3Component uniqueid="sk-1D-Y-372"/>
							</components>
						</division>
						<division alignSelf="auto" minWidth="100px" ratio="1" uniqueId="sk-1ENn-1752">
							<components>
								<skuid__text contents="Instructions:" uniqueid="sk-1EYY-2245" styleSettingsVariant="increased">
									<styles>
										<spacing/>
									</styles>
								</skuid__text>
								<skuid__text contents="How to configure this component in Skuid" uniqueid="sk-1EUF-3439">
									<styles>
										<spacing/>
									</styles>
								</skuid__text>
							</components>
						</division>
					</divisions>
					<styles>
						<spacing top="4"/>
					</styles>
					<interactions/>
				</skuid__grid>
			</components>
		</pageregioncontent>
	</pageregioncontents>
</skuid__page>