<skuid__page unsavedchangeswarning="yes" personalizationmode="server" title="D3 Boxplot">
	<models>
		<model id="VizData" query="true" createrowifnonefound="false" datasource="RawGithubContent_RobHatch" verb="GET" payloadcontenttype="JSON" endpoint="/experiments/pages/SkuidD3/exampleData/CategorizedValues.json">
			<fields>
				<field id="price" label="Price" ispolymorphic="false" isnamepointing="false" displaytype="DOUBLE" precision="2" scale="0" accessible="true" filterable="true"/>
				<field id="DisplayNumber" label="Display Number" ispolymorphic="false" isnamepointing="false" displaytype="DOUBLE" precision="1" scale="2" accessible="true" filterable="true"/>
				<field id="Industry" label="Industry" ispolymorphic="false" isnamepointing="false" displaytype="STRING" accessible="true" filterable="true"/>
				<field id="sumTotalPrice" label="Sum Total Price" ispolymorphic="false" isnamepointing="false" displaytype="DOUBLE" precision="7" scale="0" accessible="true" filterable="true"/>
				<field id="text" label="Text" ispolymorphic="false" isnamepointing="false" displaytype="STRING" accessible="true" filterable="true"/>
			</fields>
			<conditions/>
			<actions/>
		</model>
	</models>
	<components/>
	<resources>
		<actionsequences/>
		<javascript>
			<jsitem location="external" name="D3" cachelocation="false" url="https://d3js.org/d3.v4.js">var params = arguments[0],
	$ = skuid.$;</jsitem>
			<jsitem location="inline" name="Viz" cachelocation="false" url="">// Skuid inline snippet code - with items necessary to create a V2 custom component. 
(function(skuid){
	var $ = skuid.$,
		h = skuid.virtualDom.hyperScript;


	skuid.componentType.register("skuid__D3Component", {
		schema: {
			attributes: {},
			properties: {},
		},
		getStyles() {
			return {};
		},
		init() {},
		renderVDom(c) {
			const gc = c.shortcut("getStyledClasses");
			const cpi = c._getCPI();
			return h("div",
				{
				    key: c,
					afterCreate: cpi.afterCreate,
				}
			);
		},
		cpi: {
			afterCreate(el) {
				const gc = this.shortcut("getStyledClasses");

                    // Code copied from d3-graph-gallery.com and adjusted
                    // set the dimensions and margins of the graph
                    var margin = {top: 10, right: 30, bottom: 30, left: 80},
                      width = 560 - margin.left - margin.right,
                      height = 460 - margin.top - margin.bottom;
                    
                    // append the svg object to the body of the page
                    var svg = d3.select(el)
                    .append("svg")
                      .attr("width", width + margin.left + margin.right)
                      .attr("height", height + margin.top + margin.bottom)
                    .append("g")
                      .attr("transform",
                            "translate(" + margin.left + "," + margin.top + ")");
                    
                    // get the data from a Skuid Model
                    var data = skuid.$M('VizData').data;
                    // map data to extract just sumTotalPrice
                    var data_filter = data.map(function(item) {
                      return item.sumTotalPrice;
                    });
                    // find max sumTotalPrice
                     var maxprice = d3.max(data_filter);

                    // Compute summary statistics used for the box:
                    var data_sorted = data_filter.sort(d3.ascending)
                    var q1 = d3.quantile(data_sorted, .25)
                    var median = d3.quantile(data_sorted, .5)
                    var q3 = d3.quantile(data_sorted, .75)
                    var interQuantileRange = q3 - q1
                    var min = q1 - 1.5 * interQuantileRange
                    var max = q1 + 1.5 * interQuantileRange;
                    console.log ("q1 ",q1," median ",median," q3 ",q3);

                    
                    // Show the Y scale
                    var y = d3.scaleLinear()
                      .domain([0,maxprice])
                      .range([height, 0]);
                    svg.call(d3.axisLeft(y))
                    
                    // a few features for the box
                    var center = 200
                    var width = 100
                    
                    // Show the main vertical line
                    svg
                    .append("line")
                      .attr("x1", center)
                      .attr("x2", center)
                      .attr("y1", y(min) )
                      .attr("y2", y(max) )
                      .attr("stroke", "black")
                    
                    // Show the box
                    svg
                    .append("rect")
                      .attr("x", center - width/2)
                      .attr("y", y(q3) )
                      .attr("height", (y(q1)-y(q3)) )
                      .attr("width", width )
                      .attr("stroke", "black")
                      .style("fill", "#69b3a2")
                    
                    // show median, min and max horizontal lines
                    svg
                    .selectAll("toto")
                    .data([min, median, max])
                    .enter()
                    .append("line")
                      .attr("x1", center-width/2)
                      .attr("x2", center+width/2)
                      .attr("y1", function(d){ return(y(d))} )
                      .attr("y2", function(d){ return(y(d))} )
                      .attr("stroke", "black")
                      },
		}
	});
})(skuid);</jsitem>
		</javascript>
		<labels/>
	</resources>
	<pageregioncontents>
		<pageregioncontent regionid="sk-1EQK-2503" uniqueid="sk-1ERj-1151">
			<components>
				<skuid__header title="Basic Boxplot" uniqueid="sk-1ET8-2040"/>
				<skuid__text contents="What is a boxplot.&amp;nbsp; This is from data-to-viz.com&#10;&lt;p&gt;A boxplot gives a nice summary of one or more numeric variables. A boxplot is composed of several elements:&lt;/p&gt;&#10;&#10;&lt;ul&gt;&#10;&#9;&lt;li&gt;The line that divides the box into 2 parts represents the&amp;nbsp;&lt;a href=&quot;https://en.wikipedia.org/wiki/Median&quot;&gt;median&lt;/a&gt;&amp;nbsp;of the data. If the median is 10, it means that there are the same number of data points below and above 10.&lt;/li&gt;&#10;&#9;&lt;li&gt;The ends of the box shows the upper (Q3) and lower (Q1)&amp;nbsp;&lt;a href=&quot;https://en.wikipedia.org/wiki/Quartile&quot;&gt;quartiles&lt;/a&gt;. If the third quartile is 15, it means that 75% of the observation are lower than 15.&lt;/li&gt;&#10;&#9;&lt;li&gt;The difference between Quartiles 1 and 3 is called the&amp;nbsp;&lt;a href=&quot;https://en.wikipedia.org/wiki/Interquartile_range&quot;&gt;interquartile range&lt;/a&gt;&amp;nbsp;(IQR)&lt;/li&gt;&#10;&#9;&lt;li&gt;The extreme line shows Q3+1.5xIQR to Q1-1.5xIQR (the highest and lowest value excluding outliers).&lt;/li&gt;&#10;&#9;&lt;li&gt;Dots (or other markers) beyond the extreme line shows potntial outliers.&lt;/li&gt;&#10;&lt;/ul&gt;&#10;A boxplot can summarize the distribution of a numeric variable for several groups. The problem is that summarizing also means losing information, and that can be a pitfall." uniqueid="sk-1ETB-2228">
					<styles>
						<spacing/>
					</styles>
				</skuid__text>
				<skuid__grid uniqueid="sk-1DoB-4518" flexDirection="row" justifyContent="flex-start" alignItems="flex-start" columnGutter="1" rowGutter="0">
					<divisions>
						<division minWidth="100px" ratio="1" uniqueId="sk-1DoB-4582" alignSelf="auto">
							<components>
								<skuid__D3Component uniqueid="sk-1D-Y-372"/>
							</components>
						</division>
						<division alignSelf="auto" minWidth="100px" ratio="1" uniqueId="sk-1ENn-1752">
							<components>
								<skuid__text contents="Instructions:" uniqueid="sk-1EYY-2245" styleSettingsVariant="increased">
									<styles>
										<spacing/>
									</styles>
								</skuid__text>
								<skuid__text contents="How to configure this component in Skuid" uniqueid="sk-1EUF-3439">
									<styles>
										<spacing/>
									</styles>
								</skuid__text>
							</components>
						</division>
					</divisions>
					<styles>
						<spacing top="4"/>
					</styles>
					<interactions/>
				</skuid__grid>
			</components>
		</pageregioncontent>
	</pageregioncontents>
</skuid__page>