<skuid__page unsavedchangeswarning="yes" personalizationmode="server" title="D3 Ridgeline Plot">
	<models>
		<model id="VizData" query="true" createrowifnonefound="false" datasource="RawGithubContent_RobHatch" verb="GET" payloadcontenttype="JSON" endpoint="/experiments/pages/SkuidD3/exampleData/probablyOverTime.json">
			<fields/>
			<conditions/>
			<actions/>
		</model>
	</models>
	<components/>
	<resources>
		<actionsequences/>
		<javascript>
			<jsitem location="external" name="D3" cachelocation="false" url="https://d3js.org/d3.v4.js">var params = arguments[0],
	$ = skuid.$;</jsitem>
			<jsitem location="external" name="Viridis Color Pallette" cachelocation="false" url="https://d3js.org/d3-scale-chromatic.v1.min.js">var params = arguments[0],
	$ = skuid.$;</jsitem>
			<jsitem location="inline" name="Viz" cachelocation="false" url="">// Skuid inline snippet code - with items necessary to create a V2 custom component. 
(function(skuid){
	var $ = skuid.$,
		h = skuid.virtualDom.hyperScript;


	skuid.componentType.register("skuid__D3Component", {
		schema: {
			attributes: {},
			properties: {},
		},
		getStyles() {
			return {};
		},
		init() {},
		renderVDom(c) {
			const gc = c.shortcut("getStyledClasses");
			const cpi = c._getCPI();
			return h("div",
				{
				    key: c,
					afterCreate: cpi.afterCreate,
				}
			);
		},
		cpi: {
			afterCreate(el) {
				const gc = this.shortcut("getStyledClasses");

                   // set the dimensions and margins of the graph
                    var margin = {top: 150, right: 30, bottom: 50, left:110},
                        width = 560 - margin.left - margin.right,
                        height = 500 - margin.top - margin.bottom;
                    
                    // append the svg object to the body of the page
                    var svg = d3.select(el)
                      .append("svg")
                        .attr("width", width + margin.left + margin.right)
                        .attr("height", height + margin.top + margin.bottom)
                      .append("g")
                        .attr("transform",
                              "translate(" + margin.left + "," + margin.top + ")");
                    
                    //read data
                    var data = skuid.$M('VizData').data;
                      // Get the different categories and count them
                      var categories = ["Almost Certainly", "Very Good Chance", "We Believe", "Likely", "About Even", "Little Chance", "Chances Are Slight", "Almost No Chance" ]
                      var n = categories.length
                    
                      // Compute the mean of each group
                      allMeans = []
                      for (i in categories){
                        currentGroup = categories[i]
                        mean = d3.mean(data, function(d) { return +d[currentGroup] })
                        allMeans.push(mean)
                      }
                    
                      // Create a color scale using these means.
                      var myColor = d3.scaleSequential()
                        .domain([0,100])
                        .interpolator(d3.interpolateViridis);
                    
                      // Add X axis
                      var x = d3.scaleLinear()
                        .domain([-10, 120])
                        .range([ 0, width ]);
                      svg.append("g")
                        .attr("class", "xAxis")
                        .attr("transform", "translate(0," + height + ")")
                        .attr('stroke', "#B8B8B8")
                        .attr("stroke-width", 0.1)
                        .call(d3.axisBottom(x).tickValues([0,25, 50, 75, 100]).tickSize(-height) )
                        .select(".domain").remove()
                    
                      // Add X axis label:
                      svg.append("text")
                          .attr("text-anchor", "end")
                          .attr("x", width)
                          .attr("y", height + 40)
                          .text("Probability (%)");
                    
                      // Create a Y scale for densities
                      var y = d3.scaleLinear()
                        .domain([0, 0.25])
                        .range([ height, 0]);
                    
                      // Create the Y axis for names
                      var yName = d3.scaleBand()
                        .domain(categories)
                        .range([0, height])
                        .paddingInner(1)
                      svg.append("g")
                        .call(d3.axisLeft(yName).tickSize(0))
                        .select(".domain").remove()
                    
                      // Compute kernel density estimation for each column:
                      var kde = kernelDensityEstimator(kernelEpanechnikov(7), x.ticks(40)) // increase this 40 for more accurate density.
                      var allDensity = []
                      for (i = 0; i &lt; n; i++) {
                          key = categories[i]
                          density = kde( data.map(function(d){  return d[key]; }) )
                          allDensity.push({key: key, density: density})
                      }
                    
                      // Add areas
                      svg.selectAll("areas")
                        .data(allDensity)
                        .enter()
                        .append("path")
                          .attr("transform", function(d){return("translate(0," + (yName(d.key)-height) +")" )})
                          .attr("fill", function(d){
                            grp = d.key ;
                            index = categories.indexOf(grp)
                            value = allMeans[index]
                            return myColor( value  )
                          })
                          .datum(function(d){return(d.density)})
                          .attr("opacity", 0.7)
                          .attr("stroke", "#000")
                          .attr("stroke-width", 0.1)
                          .attr("d",  d3.line()
                              .curve(d3.curveBasis)
                              .x(function(d) { return x(d[0]); })
                              .y(function(d) { return y(d[1]); })
                          )
                    

                    // This is what I need to compute kernel density estimation
                    function kernelDensityEstimator(kernel, X) {
                      return function(V) {
                        return X.map(function(x) {
                          return [x, d3.mean(V, function(v) { return kernel(x - v); })];
                        });
                      };
                    }
                    function kernelEpanechnikov(k) {
                      return function(v) {
                        return Math.abs(v /= k) &lt;= 1 ? 0.75 * (1 - v * v) / k : 0;
                      };
                    }
			},
		},
	});
	
})(skuid);</jsitem>
		</javascript>
		<labels/>
	</resources>
	<pageregioncontents>
		<pageregioncontent regionid="sk-1EQK-2503" uniqueid="sk-1ERj-1151">
			<components>
				<skuid__header uniqueid="sk-1ET8-2040" title="Ridgeline Plot"/>
				<skuid__text contents="A Ridgeline plot (sometimes called Joyplot) shows the distribution of a numeric value for several groups. Distribution can be represented using histograms or density plots, all aligned to the same horizontal scale and presented with a slight overlap." uniqueid="sk-1ETB-2228">
					<styles>
						<spacing/>
					</styles>
				</skuid__text>
				<skuid__grid uniqueid="sk-1DoB-4518" flexDirection="row" justifyContent="flex-start" alignItems="flex-start" columnGutter="1" rowGutter="0">
					<divisions>
						<division minWidth="100px" ratio="1" uniqueId="sk-1DoB-4582" alignSelf="auto">
							<components>
								<skuid__D3Component uniqueid="sk-1D-Y-372"/>
							</components>
						</division>
						<division alignSelf="auto" minWidth="100px" ratio="1" uniqueId="sk-1ENn-1752">
							<components>
								<skuid__text contents="Instructions:" uniqueid="sk-1EYY-2245" styleSettingsVariant="increased">
									<styles>
										<spacing/>
									</styles>
								</skuid__text>
								<skuid__text contents="How to configure this component in Skuid" uniqueid="sk-1EUF-3439">
									<styles>
										<spacing/>
									</styles>
								</skuid__text>
							</components>
						</division>
					</divisions>
					<styles>
						<spacing top="4"/>
					</styles>
					<interactions/>
				</skuid__grid>
			</components>
		</pageregioncontent>
	</pageregioncontents>
</skuid__page>