<skuid__page unsavedchangeswarning="yes" personalizationmode="server" title="D3 Density Plot">
	<models>
		<model id="VizData" query="true" createrowifnonefound="false" datasource="RawGithubContent_RobHatch" verb="GET" payloadcontenttype="JSON" endpoint="/experiments/pages/SkuidD3/exampleData/SimpleRange.json">
			<fields>
				<field id="price" label="Price" ispolymorphic="false" isnamepointing="false" displaytype="DOUBLE" precision="2" scale="0" accessible="true" filterable="true"/>
			</fields>
			<conditions/>
			<actions/>
		</model>
	</models>
	<components/>
	<resources>
		<actionsequences/>
		<javascript>
			<jsitem location="external" name="D3" cachelocation="false" url="https://d3js.org/d3.v4.js">var params = arguments[0],
	$ = skuid.$;</jsitem>
			<jsitem location="inline" name="Viz" cachelocation="false" url="">// Skuid inline snippet code - with items necessary to create a V2 custom component. 
(function(skuid){
	var $ = skuid.$,
		h = skuid.virtualDom.hyperScript;


	skuid.componentType.register("skuid__D3Component", {
		schema: {
			attributes: {},
			properties: {},
		},
		getStyles() {
			return {};
		},
		init() {},
		renderVDom(c) {
			const gc = c.shortcut("getStyledClasses");
			const cpi = c._getCPI();
			return h("div",
				{
				    key: c,
					afterCreate: cpi.afterCreate,
				}
			);
		},
		cpi: {
			afterCreate(el) {
				const gc = this.shortcut("getStyledClasses");

                    // Code copied from d3-graph-gallery.com and adjusted
                    // set the dimensions and margins of the graph
                    var margin = {top: 30, right: 30, bottom: 30, left: 50},
                        width = 460 - margin.left - margin.right,
                        height = 400 - margin.top - margin.bottom;
                    
                    // append the svg object to the body of the page
                    var svg = d3.select(el)
                      .append("svg")
                        .attr("width", width + margin.left + margin.right)
                        .attr("height", height + margin.top + margin.bottom)
                      .append("g")
                        .attr("transform",
                              "translate(" + margin.left + "," + margin.top + ")");
                    
                    // get the data.  Instead of using D3.csv or D3.Json to get a file and parse it (and return a function),  we can simply retrieve the model.data object. 
                    var data = skuid.$M('VizData').data;


                      // add the x Axis
                      console.log(data);
                      var x = d3.scaleLinear()
                                .domain([0, 1000])
                                .range([0, width]);
                      svg.append("g")
                          .attr("transform", "translate(0," + height + ")")
                          .call(d3.axisBottom(x));
                    
                      // add the y Axis
                      var y = d3.scaleLinear()
                                .range([height, 0])
                                .domain([0, 0.01]);
                      svg.append("g")
                          .call(d3.axisLeft(y));
                    
                      // Compute kernel density estimation
                      var kde = kernelDensityEstimator(kernelEpanechnikov(7), x.ticks(40))
                      var density =  kde( data.map(function(d){  return d.price; }) )
                    
                      // Plot the area
                      svg.append("path")
                          .attr("class", "mypath")
                          .datum(density)
                          .attr("fill", "#69b3a2")
                          .attr("opacity", ".8")
                          .attr("stroke", "#000")
                          .attr("stroke-width", 1)
                          .attr("stroke-linejoin", "round")
                          .attr("d",  d3.line()
                            .curve(d3.curveBasis)
                              .x(function(d) { return x(d[0]); })
                              .y(function(d) { return y(d[1]); })
                          );
                    

                    // Function to compute density
                    function kernelDensityEstimator(kernel, X) {
                      return function(V) {
                        return X.map(function(x) {
                          return [x, d3.mean(V, function(v) { return kernel(x - v); })];
                        });
                      };
                    }
                    function kernelEpanechnikov(k) {
                      return function(v) {
                        return Math.abs(v /= k) &lt;= 1 ? 0.75 * (1 - v * v) / k : 0;
                      };
                    }
			},
		},
	});
	
})(skuid);</jsitem>
		</javascript>
		<labels/>
	</resources>
	<pageregioncontents>
		<pageregioncontent regionid="sk-1EQK-2503" uniqueid="sk-1ERj-1151">
			<components>
				<skuid__header title="Basic Density Plot" uniqueid="sk-1ET8-2040"/>
				<skuid__text contents="The most basic density plot.&amp;nbsp; This is a&amp;nbsp;a representation of the distribution of a numeric variable. It uses a kernel density estimate to show the probability density function of the variable.&amp;nbsp;" uniqueid="sk-1ETB-2228">
					<styles>
						<spacing/>
					</styles>
				</skuid__text>
				<skuid__grid uniqueid="sk-1DoB-4518" flexDirection="row" justifyContent="flex-start" alignItems="flex-start" columnGutter="1" rowGutter="0">
					<divisions>
						<division minWidth="100px" ratio="1" uniqueId="sk-1DoB-4582" alignSelf="auto">
							<components>
								<skuid__D3Component uniqueid="sk-1D-Y-372"/>
							</components>
						</division>
						<division alignSelf="auto" minWidth="100px" ratio="1" uniqueId="sk-1ENn-1752">
							<components>
								<skuid__text contents="Instructions:" uniqueid="sk-1EYY-2245" styleSettingsVariant="increased">
									<styles>
										<spacing/>
									</styles>
								</skuid__text>
								<skuid__text contents="How to configure this component in Skuid" uniqueid="sk-1EUF-3439">
									<styles>
										<spacing/>
									</styles>
								</skuid__text>
							</components>
						</division>
					</divisions>
					<styles>
						<spacing top="4"/>
					</styles>
					<interactions/>
				</skuid__grid>
			</components>
		</pageregioncontent>
	</pageregioncontents>
</skuid__page>