<skuid__page unsavedchangeswarning="yes" personalizationmode="server" title="D3 Bubblemap">
	<models>
		<model id="VizData" query="true" createrowifnonefound="false" datasource="RawGithubContent_RobHatch" verb="GET" payloadcontenttype="JSON" endpoint="/experiments/pages/SkuidD3/exampleData/data_gpsLocSurfer.json">
			<fields>
				<field id="homecontinent" label="Homecontinent" ispolymorphic="false" isnamepointing="false" displaytype="STRING" accessible="true" filterable="true"/>
				<field id="homelat" label="Homelat" ispolymorphic="false" isnamepointing="false" displaytype="DOUBLE" precision="3" scale="1" accessible="true" filterable="true"/>
				<field id="homelon" label="Homelon" ispolymorphic="false" isnamepointing="false" displaytype="DOUBLE" precision="3" scale="0" accessible="true" filterable="true"/>
				<field id="n" label="N" ispolymorphic="false" isnamepointing="false" displaytype="DOUBLE" precision="1" scale="0" accessible="true" filterable="true"/>
			</fields>
			<conditions/>
			<actions/>
		</model>
	</models>
	<components/>
	<resources>
		<actionsequences/>
		<javascript>
			<jsitem location="external" name="D3" cachelocation="false" url="https://d3js.org/d3.v4.js">var params = arguments[0],
	$ = skuid.$;</jsitem>
			<jsitem location="external" cachelocation="false" name="geo Projection Plugin" url="https://d3js.org/d3-geo-projection.v2.min.js">var params = arguments[0],
	$ = skuid.$;</jsitem>
			<jsitem location="external" name="Chromatic Scale Plugin" cachelocation="false" url="https://d3js.org/d3-scale-chromatic.v1.min.js">var params = arguments[0],
	$ = skuid.$;</jsitem>
			<jsitem location="inline" name="Viz" cachelocation="false" url="">// Skuid inline snippet code - with items necessary to create a V2 custom component. 
(function(skuid){
	var $ = skuid.$,
		h = skuid.virtualDom.hyperScript;


	skuid.componentType.register("skuid__D3Component", {
		schema: {
			attributes: {},
			properties: {},
		},
		getStyles() {
			return {
			};
		},
		init() {},
		renderVDom(c) {
			const gc = c.shortcut("getStyledClasses");
			const cpi = c._getCPI();
			return h("div",
				{
				    key: c,
					afterCreate: cpi.afterCreate,
				}
			);
		},
		cpi: {
			afterCreate(el) {
				const gc = this.shortcut("getStyledClasses");
               // Code copied from d3-graph-gallery.com and adjusted

            // The svg
            var svg = d3.select(el),
                width = +svg.attr("width"),
                height = +svg.attr("height");
            
            // Map and projection
            var projection = d3.geoMercator()
                .center([0,20])                // GPS of location to zoom on
                .scale(99)                       // This is like the zoom
                .translate([ width/2, height/2 ])
            
            d3.queue()
              .defer(d3.json, "https://raw.githubusercontent.com/holtzy/D3-graph-gallery/master/DATA/world.geojson")  // World shape
              .defer(d3.json, "https://raw.githubusercontent.com/Rnhatch/skuid-labs/Rnhatch-SkuidD3/experiments/pages/SkuidD3/exampleData/data_gpsLocSurfer.json")  // Position of circles
              .await(ready);
                // get the data.  Instead of using D3.csv or D3.Json to get a file and parse it (and return a function),  we can simply retrieve the model.data object. 
            //var data = skuid.$M('VizData').data;// Position of circles

            function ready(error, dataGeo, data) {
            
              // Create a color scale
              var allContinent = d3.map(data, function(d){return(d.homecontinent)}).keys()
              var color = d3.scaleOrdinal()
                .domain(allContinent)
                .range(d3.schemePaired);
            
              // Add a scale for bubble size
              var valueExtent = d3.extent(data, function(d) { return +d.n; })
              var size = d3.scaleSqrt()
                .domain(valueExtent)  // What's in the data
                .range([ 1, 50])  // Size in pixel
            
              // Draw the map
              svg.append("g")
                  .selectAll("path")
                  .data(dataGeo.features)
                  .enter()
                  .append("path")
                    .attr("fill", "#b8b8b8")
                    .attr("d", d3.geoPath()
                        .projection(projection)
                    )
                  .style("stroke", "none")
                  .style("opacity", .3)
            
              // Add circles:
              svg
                .selectAll("myCircles")
                .data(data.sort(function(a,b) { return +b.n - +a.n }).filter(function(d,i){ return i&lt;1000 }))
                .enter()
                .append("circle")
                  .attr("cx", function(d){ return projection([+d.homelon, +d.homelat])[0] })
                  .attr("cy", function(d){ return projection([+d.homelon, +d.homelat])[1] })
                  .attr("r", function(d){ return size(+d.n) })
                  .style("fill", function(d){ return color(d.homecontinent) })
                  .attr("stroke", function(d){ if(d.n&gt;2000){return "black"}else{return "none"}  })
                  .attr("stroke-width", 1)
                  .attr("fill-opacity", .4)
            
            
            
              // Add title and explanation
              svg
                .append("text")
                  .attr("text-anchor", "end")
                  .style("fill", "black")
                  .attr("x", width - 10)
                  .attr("y", height - 30)
                  .attr("width", 90)
                  .html("WHERE SURFERS LIVE")
                  .style("font-size", 14)
            
            
              // --------------- //
              // ADD LEGEND //
              // --------------- //
            
              // Add legend: circles
              var valuesToShow = [100,4000,15000]
              var xCircle = 40
              var xLabel = 90
              svg
                .selectAll("legend")
                .data(valuesToShow)
                .enter()
                .append("circle")
                  .attr("cx", xCircle)
                  .attr("cy", function(d){ return height - size(d) } )
                  .attr("r", function(d){ return size(d) })
                  .style("fill", "none")
                  .attr("stroke", "black")
            
              // Add legend: segments
              svg
                .selectAll("legend")
                .data(valuesToShow)
                .enter()
                .append("line")
                  .attr('x1', function(d){ return xCircle + size(d) } )
                  .attr('x2', xLabel)
                  .attr('y1', function(d){ return height - size(d) } )
                  .attr('y2', function(d){ return height - size(d) } )
                  .attr('stroke', 'black')
                  .style('stroke-dasharray', ('2,2'))
            
              // Add legend: labels
              svg
                .selectAll("legend")
                .data(valuesToShow)
                .enter()
                .append("text")
                  .attr('x', xLabel)
                  .attr('y', function(d){ return height - size(d) } )
                  .text( function(d){ return d } )
                  .style("font-size", 10)
                  .attr('alignment-baseline', 'middle')
            }       
//end of copied code
    		},
		},
	});
	
})(skuid);</jsitem>
		</javascript>
		<labels/>
	</resources>
	<pageregioncontents>
		<pageregioncontent regionid="sk-1EQK-2503" uniqueid="sk-1ERj-1151">
			<components>
				<skuid__header uniqueid="sk-1ET8-2040" title="Bubble Map"/>
				<skuid__text contents="A Bubble Map" uniqueid="sk-1ETB-2228">
					<styles>
						<spacing/>
					</styles>
				</skuid__text>
				<skuid__grid uniqueid="sk-1DoB-4518" flexDirection="row" justifyContent="flex-start" alignItems="flex-start" columnGutter="1" rowGutter="0">
					<divisions>
						<division minWidth="100px" ratio="1" uniqueId="sk-1DoB-4582" alignSelf="auto">
							<components>
								<skuid__D3Component uniqueid="sk-1D-Y-372"/>
							</components>
						</division>
						<division alignSelf="auto" minWidth="100px" ratio="1" uniqueId="sk-1ENn-1752">
							<components>
								<skuid__text contents="Instructions:" uniqueid="sk-1EYY-2245" styleSettingsVariant="increased">
									<styles>
										<spacing/>
									</styles>
								</skuid__text>
								<skuid__text contents="How to configure this component in Skuid" uniqueid="sk-1EUF-3439">
									<styles>
										<spacing/>
									</styles>
								</skuid__text>
							</components>
						</division>
					</divisions>
					<styles>
						<spacing top="4"/>
					</styles>
					<interactions/>
				</skuid__grid>
			</components>
		</pageregioncontent>
	</pageregioncontents>
</skuid__page>