<skuid__page unsavedchangeswarning="yes" personalizationmode="server" title="D3 + Skuid" theme="SkuidApp_Clone">
	<models>
		<model id="TOC" query="true" createrowifnonefound="false" datasource="SkuidLocal" verb="GET" payloadcontenttype="JSON" endpoint="/objects/route?order=route&amp;where={app_id:&quot;64bdfe65-2782-472a-8d54-556c78263809&quot;}&amp;fields=page.name,page.is_master_page,app.name">
			<fields>
				<field id="route" label="Route" ispolymorphic="false" isnamepointing="false" displaytype="STRING" accessible="true" filterable="true"/>
				<field id="fq_route" label="Fq Route" ispolymorphic="false" isnamepointing="false" displaytype="STRING" accessible="true" filterable="true"/>
				<field id="page.name" label="Name" ispolymorphic="false" isnamepointing="false" displaytype="STRING" accessible="true" filterable="true"/>
				<field id="page.id" label="Id" ispolymorphic="false" isnamepointing="false" displaytype="STRING" accessible="true" filterable="true"/>
				<field id="category" displaytype="FORMULA" uionly="true" ogdisplaytype="TEXT" readonly="true" returntype="TEXT">
					<formula>LEFT({{page.name}},4)</formula>
				</field>
				<field id="Pretty Name" displaytype="FORMULA" uionly="true" ogdisplaytype="TEXT" readonly="true" returntype="TEXT">
					<formula>RIGHT({{page.name}},(LEN({{page.name}})-5))</formula>
				</field>
			</fields>
			<conditions>
				<condition type="fieldvalue" value="/" enclosevalueinquotes="true" sourcetype="fieldvalue" field="route" operator="!="/>
			</conditions>
			<actions/>
		</model>
		<model id="UICategories" query="true" createrowifnonefound="false" datasource="Ui-Only">
			<fields>
				<field id="Category" displaytype="PICKLIST" length="255" ogdisplaytype="TEXT" picklistsource="manual" returntype="TEXT">
					<picklistentries>
						<entry value="dist" label="Distribution"/>
						<entry value="corr" label="Correlation"/>
						<entry value="rank" label="Ranking"/>
						<entry value="part" label="Part of a Whole"/>
						<entry value="evol" label="Evolution"/>
						<entry value="mapp" label="Map"/>
						<entry value="flow" label="Flow"/>
					</picklistentries>
				</field>
			</fields>
			<conditions/>
			<actions/>
		</model>
	</models>
	<components/>
	<resources>
		<actionsequences>
			<actionsequence id="2fd80382-949f-44e6-8588-86fbd935f780" label="New Sequence" type="event-triggered" event-scope="component" event-name="page.rendered">
				<description/>
				<actions>
					<action type="createRow" model="UICategories" appendorprepend="prepend" defaultmodefornewitems="edit" affectedrows="context">
						<defaults>
							<default valuesource="fieldvalue" field="Category" enclosevalueinquotes="true" value="flow"/>
						</defaults>
					</action>
					<action type="createRow" model="UICategories" appendorprepend="prepend" defaultmodefornewitems="edit" affectedrows="context">
						<defaults>
							<default valuesource="fieldvalue" field="Category" enclosevalueinquotes="true" value="mapp"/>
						</defaults>
					</action>
					<action type="createRow" model="UICategories" appendorprepend="prepend" defaultmodefornewitems="edit" affectedrows="context">
						<defaults>
							<default valuesource="fieldvalue" field="Category" enclosevalueinquotes="true" value="evol"/>
						</defaults>
					</action>
					<action type="createRow" model="UICategories" appendorprepend="prepend" defaultmodefornewitems="edit" affectedrows="context">
						<defaults>
							<default valuesource="fieldvalue" field="Category" enclosevalueinquotes="true" value="part"/>
						</defaults>
					</action>
					<action type="createRow" model="UICategories" appendorprepend="prepend" defaultmodefornewitems="edit" affectedrows="context">
						<defaults>
							<default valuesource="fieldvalue" field="Category" enclosevalueinquotes="true" value="rank"/>
						</defaults>
					</action>
					<action type="createRow" model="UICategories" appendorprepend="prepend" defaultmodefornewitems="edit" affectedrows="context">
						<defaults>
							<default valuesource="fieldvalue" field="Category" enclosevalueinquotes="true" value="corr"/>
						</defaults>
					</action>
					<action type="createRow" model="UICategories" appendorprepend="prepend" defaultmodefornewitems="edit" affectedrows="context">
						<defaults>
							<default valuesource="fieldvalue" field="Category" enclosevalueinquotes="true" value="dist"/>
						</defaults>
					</action>
					<action type="toggleRenderComponent" behavior="show" componentid="sk-1HOX-4345"/>
				</actions>
			</actionsequence>
		</actionsequences>
		<javascript/>
		<labels/>
	</resources>
	<pageregioncontents>
		<pageregioncontent regionid="sk-1EQK-2503" uniqueid="sk-1F3C-1179">
			<components>
				<skuid__header title="D3 Visualization Gallery using Skuid" uniqueid="sk-1F3F-1396">
					<styles>
						<spacing top="3" bottom="3"/>
					</styles>
				</skuid__header>
				<skuid__text contents="This library of D3 visualization examples uses Skuid Models as datasources,&amp;nbsp; and Skuid API V2 custom component code for presentation.&amp;nbsp;&amp;nbsp;&lt;br /&gt;&#10;&lt;br /&gt;&#10;These examples are mostly copied from the amazing website at&amp;nbsp;&amp;nbsp;&lt;a href=&quot;https://www.d3-graph-gallery.com/&quot;&gt;https://www.d3-graph-gallery.com&lt;/a&gt;&lt;br /&gt;&#10;&lt;br /&gt;&#10;Each page is driven by a snippet that is well commented.&amp;nbsp; Learn,&amp;nbsp; Lift,&amp;nbsp; Reuse,&amp;nbsp; Rejoice!&amp;nbsp;" uniqueid="sk-1FIB-9478">
					<styles>
						<spacing/>
					</styles>
				</skuid__text>
				<skuid__accordion uniqueid="sk-1FkD-5851" onePanelAtATime="false" iconOnRight="false" iconStyle="separate" icon="sk-webicon-ink:checkbox-indeterminate" iconClose="sk-webicon-ink:add">
					<sections>
						<section title="D3 Examples" uniqueId="sk-1FkD-5913">
							<components>
								<skuid__text contents="A library of examples categorized by the visualization task being undertaken.&amp;nbsp;" uniqueid="sk-1JI--4204">
									<styles>
										<spacing top="2" bottom="2"/>
									</styles>
								</skuid__text>
								<skuid__deck columnGutter=".75em" rowGutter=".75em" model="UICategories" showSaveCancel="false" verticalAlign="top" minWidth="100%" uniqueid="sk-1HOX-4345" pageSize="Infinity" showPageSizeSelect="false" resetPaginationOnQuery="false" showLoadMore="false" showListFooter="false" showListHeader="false" setMaxWidth="auto" styleSettingsVariant="4b2278fd-5ea7-4353-9f43-6334d402167e">
									<components>
										<skuid__text contents="{{Category}}" uniqueid="sk-1HO--7167" model="UICategories" styleSettingsVariant="medium">
											<conditions/>
											<styles>
												<spacing/>
											</styles>
										</skuid__text>
										<skuid__deck columnGutter=".75em" rowGutter=".75em" model="TOC" showSaveCancel="false" verticalAlign="top" minWidth="200px" uniqueid="sk-1HOY-4520" setMaxWidth="manual" pageSize="Infinity" showPageSizeSelect="false" resetPaginationOnQuery="false" showLoadMore="false" showListFooter="false" maxWidth="200px">
											<components>
												<skuid__wrapper uniqueid="sk-1HQE-9445">
													<components>
														<skuid__text contents="{{Pretty Name}}" uniqueid="sk-1HP5-7667" model="TOC" styleSettingsVariant="d6111e93-5c19-426d-8f0d-0d91a752a97d"/>
														<skuid__image source="url" uniqueid="sk-1HPG-8430" datasource="SkuidLocal" model="TOC" url="https://raw.githubusercontent.com/Rnhatch/skuid-labs/Rnhatch-SkuidD3/experiments/pages/SkuidD3/vizThumbs/{{route}}.png">
															<styles>
																<spacing top="2"/>
															</styles>
														</skuid__image>
													</components>
													<background/>
												</skuid__wrapper>
											</components>
											<filtering enableSearch="false" instantSearch="false"/>
											<renderConditions logictype="and"/>
											<styleVariantConditions/>
											<conditions>
												<condition type="contextrow" field="category" mergefield="Category" operator="="/>
											</conditions>
											<styles>
												<spacing top="2"/>
											</styles>
											<interactions>
												<interaction type="tap">
													<action type="redirect" window="self" url="{{fq_route}}"/>
												</interaction>
											</interactions>
										</skuid__deck>
									</components>
									<filtering enableSearch="false" instantSearch="false"/>
									<renderConditions logictype="and">
										<renderCondition type="fieldvalue" operator="=" enclosevalueinquotes="true"/>
									</renderConditions>
									<styleVariantConditions/>
									<styles>
										<spacing/>
									</styles>
								</skuid__deck>
							</components>
						</section>
						<section title="Instructions for using D3 in Skuid" uniqueId="sk-1FkE-6077">
							<components>
								<skuid__wrapper uniqueid="sk-1JJS-10482" styleSettingsVariant="7d5572d7-ec59-43f0-9d03-5259d1980637">
									<components>
										<skuid__text contents="There are THOUSANDS of examples and tutorials about D3 visualizations on the internet.&amp;nbsp; How do you get them to work with Skuid?&amp;nbsp;&lt;br /&gt;&#10;&lt;br /&gt;&#10;Skuid pages can host the Javascript code needed to create the D3 visualization.&amp;nbsp; Open the JS section of the app elements panel and add a new Javascript resource of type &amp;quot;Inline&amp;quot;&amp;nbsp;&lt;br /&gt;&#10;&lt;br /&gt;&#10;Here you will copy the code you found on the internet and manipulate it so it works with Skuid.&amp;nbsp;&lt;br /&gt;&#10;&lt;br /&gt;&#10;&lt;strong&gt;1. Wailt till page loads to run your code.&amp;nbsp;&lt;/strong&gt;&lt;br /&gt;&#10;&lt;br /&gt;&#10;If your model has not loaded, you D3 code will fail.&amp;nbsp; &amp;nbsp;Make sure your models are loading on page load...&amp;nbsp;&lt;br /&gt;&#10;&lt;br /&gt;&#10;If you are using V1 API Pages you will want to copy your code into the default block provided when you create a inline Javascript resource:&lt;br /&gt;&#10;&amp;nbsp;&#10;&lt;div style=&quot;margin-left: 40px;&quot;&gt;(function(skuid){&lt;br /&gt;&#10;&amp;nbsp;&amp;nbsp; &amp;nbsp;var $ = skuid.$;&lt;br /&gt;&#10;&amp;nbsp;&amp;nbsp; &amp;nbsp;$(document.body).one(&amp;#39;pageload&amp;#39;,function(){&lt;br /&gt;&#10;&lt;s&gt;&amp;nbsp;&amp;nbsp; &amp;nbsp;&amp;nbsp;&amp;nbsp; &amp;nbsp;var myModel = skuid.model.getModel(&amp;#39;MyModelId&amp;#39;);&lt;br /&gt;&#10;&amp;nbsp;&amp;nbsp; &amp;nbsp;&amp;nbsp;&amp;nbsp; &amp;nbsp;var myComponent = skuid.component.getById(&amp;#39;MyComponentUniqueId&amp;#39;);&lt;/s&gt;&lt;br /&gt;&#10;&lt;br /&gt;&#10;Copy your D3 Code here.&amp;nbsp;&lt;br /&gt;&#10;&lt;br /&gt;&#10;&amp;nbsp;&amp;nbsp; &amp;nbsp;});&lt;br /&gt;&#10;})(skuid);&lt;/div&gt;&#10;&lt;br /&gt;&#10;If you are using V2 API Pages - the way we structure the custom component code will force things to wait until the models have loaded. Nice!&lt;br /&gt;&#10;&lt;br /&gt;&#10;&lt;br /&gt;&#10;&lt;strong&gt;2. Page Element&lt;/strong&gt;&lt;br /&gt;&#10;&lt;br /&gt;&#10;Getting your D3 visualization to show in your page will require a component to host the basic DIV that D3 code will append SVG elements to.&amp;nbsp;&amp;nbsp;&lt;br /&gt;&#10;&lt;br /&gt;&#10;There are a variety of ways of doing this.&amp;nbsp;&lt;br /&gt;&#10;&lt;br /&gt;&#10;In V1 pages you can generally add a template to your page that simply has a div in it that is named the same as the primary DIV in your D3 code.&amp;nbsp; Look in your code for somthing like this:&amp;nbsp;&lt;br /&gt;&#10;&amp;nbsp;&#10;&lt;div style=&quot;margin-left: 40px;&quot;&gt;div = d3.select(&amp;quot;#MyVizualization&amp;quot;).append(&amp;quot;div&amp;quot;)&lt;/div&gt;&#10;&lt;br /&gt;&#10;In V2 pages the basic DIV will be provided for you by the custom component.&amp;nbsp; &amp;quot;el&amp;quot;&amp;nbsp; is a shorthand for this element.&amp;nbsp; So&amp;nbsp; you will need to edit your code with this shorthand.&amp;nbsp;&lt;br /&gt;&#10;&lt;br /&gt;&#10;Find code that looks like this:&amp;nbsp;&#10;&lt;div style=&quot;margin-left: 40px;&quot;&gt;div = d3.select(&amp;quot;#MyVizualization&amp;quot;).append(&amp;quot;div&amp;quot;)&lt;/div&gt;&#10;&lt;br /&gt;&#10;and replace it with this:&amp;nbsp;&lt;br /&gt;&#10;&amp;nbsp;&#10;&lt;div style=&quot;margin-left: 40px;&quot;&gt;div = d3.select(el).append(&amp;quot;div&amp;quot;)&lt;/div&gt;&#10;&lt;br /&gt;&#10;In V2 pages you will need to add a custom component in the page xml.&amp;nbsp; It will need to use the component name that is registered in your Javascript resource.&amp;nbsp; See the example pages for more information.&lt;br /&gt;&#10;&lt;br /&gt;&#10;&lt;br /&gt;&#10;&lt;strong&gt;3. Data.&amp;nbsp;&lt;/strong&gt;&lt;br /&gt;&#10;&lt;br /&gt;&#10;Generally D3 examples&amp;nbsp;use a static CSV file to provide data to the visualization.&amp;nbsp; D3 has great CSV and JSON Parsing methods. Generally you will see somthing like this:&amp;nbsp;&lt;br /&gt;&#10;&amp;nbsp;&#10;&lt;div style=&quot;margin-left: 40px;&quot;&gt;// Parse the Data&lt;br /&gt;&#10;d3.csv(&amp;quot;https://data.com/example.csv&amp;quot;, function(data) {&lt;br /&gt;&#10;&lt;br /&gt;&#10;Big block of D3 code&lt;br /&gt;&#10;&lt;br /&gt;&#10;})&amp;nbsp;&lt;/div&gt;&#10;&lt;br /&gt;&#10;This function transforms the csv into an array that can be accessed by Javascript.&amp;nbsp;&lt;br /&gt;&#10;The good news is that Skuid model data already comes this way. This means&amp;nbsp;its easy to use REAL TIME data from Skuid Models in your D3 Code.&amp;nbsp;&amp;nbsp;&lt;br /&gt;&#10;&lt;br /&gt;&#10;Edit that code as follows:&amp;nbsp;&lt;br /&gt;&#10;&amp;nbsp;&#10;&lt;div style=&quot;margin-left: 40px;&quot;&gt;// Parse the Data&lt;br /&gt;&#10;&lt;s&gt;d3.csv(&amp;quot;https://data.com/example.csv&amp;quot;, function(data) {&lt;/s&gt;&lt;br /&gt;&#10;var data = skuid$M(&amp;#39;ModelName&amp;#39;).data&lt;br /&gt;&#10;&lt;br /&gt;&#10;Big block of D3 code&lt;br /&gt;&#10;&lt;br /&gt;&#10;&lt;s&gt;})&amp;nbsp;&lt;/s&gt;&lt;/div&gt;&#10;&lt;br /&gt;&#10;Note: the lines that have been &lt;s&gt;striked&lt;/s&gt; should be removed or commented out.&amp;nbsp;&amp;nbsp;&lt;br /&gt;&#10;&lt;br /&gt;&#10;Then you will need to find field names through the D3 code and make sure they match your model data.&amp;nbsp;&lt;br /&gt;&#10;&lt;br /&gt;&#10;&lt;strong&gt;4. Debug and enjoy.&amp;nbsp;&lt;/strong&gt;&lt;br /&gt;&#10;&lt;br /&gt;&#10;No promises that your D3 code will work on first try.&amp;nbsp; You will probably add lots of console log statements and use the Skuid.Debug developer tools to figure out what is happening in your code.&amp;nbsp;&lt;br /&gt;&#10;&lt;br /&gt;&#10;&lt;strong&gt;5.&amp;nbsp; Celebrate!&amp;nbsp;&lt;/strong&gt;" uniqueid="sk-1FkO-6683"/>
									</components>
									<background/>
									<styles>
										<spacing/>
									</styles>
								</skuid__wrapper>
							</components>
						</section>
						<section title="New Section" uniqueId="sk-1HOQ-3953">
							<components>
								<skuid__list model="TOC" uniqueid="sk-1F7Z-2956" pageSize="10">
									<columns>
										<column uniqueId="sk-1FGN-3788" uniqueid="sk-1FGN-3879" fillRatio="1" widthBehavior="fixed" width="-1" customWidthAmount="30px">
											<items>
												<item displayType="icon" uniqueId="sk-1FGN-3800" uniqueid="sk-1FGN-3826" size="small" fallback="sk-webicon-ink:radio-button"/>
											</items>
										</column>
										<column uniqueId="sk-1HN8-3785" uniqueid="sk-1HN8-3876" fillRatio="1">
											<items>
												<item fieldId="category" uniqueId="sk-1HN8-3797" uniqueid="sk-1HN8-3823"/>
											</items>
										</column>
										<column uniqueId="sk-1HN8-3883" uniqueid="sk-1HN8-3974" fillRatio="1">
											<items>
												<item fieldId="Pretty Name" uniqueId="sk-1HN8-3895" uniqueid="sk-1HN8-3921"/>
											</items>
										</column>
									</columns>
									<rowActions/>
									<massActions/>
									<filtering enableSearch="false" instantSearch="false"/>
									<interactions>
										<interaction type="tap">
											<action type="redirect" redirectType="route" window="self" url="{{fq_route}}"/>
										</interaction>
									</interactions>
									<styles>
										<spacing top="1.5"/>
									</styles>
								</skuid__list>
							</components>
							<renderConditions logictype="and">
								<renderCondition type="fieldvalue" operator="=" enclosevalueinquotes="true"/>
							</renderConditions>
						</section>
					</sections>
					<styles>
						<spacing top="4"/>
					</styles>
				</skuid__accordion>
			</components>
		</pageregioncontent>
	</pageregioncontents>
</skuid__page>