<skuid__page unsavedchangeswarning="yes" personalizationmode="server" title="D3 Tree Map">
	<models>
		<model id="VizData" query="true" createrowifnonefound="false" datasource="RawGithubContent_RobHatch" verb="GET" payloadcontenttype="JSON" endpoint="/experiments/pages/SkuidD3/exampleData/CategorizedValues.json">
			<fields>
				<field id="DisplayNumber" label="Display Number" ispolymorphic="false" isnamepointing="false" displaytype="DOUBLE" precision="1" scale="2" accessible="true" filterable="true"/>
				<field id="Industry" label="Industry" ispolymorphic="false" isnamepointing="false" displaytype="STRING" accessible="true" filterable="true"/>
				<field id="sumTotalPrice" label="Sum Total Price" ispolymorphic="false" isnamepointing="false" displaytype="DOUBLE" precision="7" scale="0" accessible="true" filterable="true"/>
				<field id="text" label="Text" ispolymorphic="false" isnamepointing="false" displaytype="STRING" accessible="true" filterable="true"/>
			</fields>
			<conditions/>
			<actions/>
		</model>
	</models>
	<components/>
	<resources>
		<actionsequences/>
		<javascript>
			<jsitem location="external" name="D3" cachelocation="false" url="https://d3js.org/d3.v3.js">var params = arguments[0],
	$ = skuid.$;</jsitem>
			<jsitem location="inline" name="TreeMap" cachelocation="false" url="">(function(skuid){
	var $ = skuid.$,
		h = skuid.virtualDom.hyperScript;

	skuid.componentType.register("skuid__D3Component", {
		schema: {
			attributes: {},
			properties: {},
		},
		getStyles() {
			return {
				"treeMap": {
					fontFamily: '"Helvetica Neue", Helvetica, Arial, sans-serif',
					margin: "auto",
					position: "relative",
					height: "1000px"
				},
				"node":{
				    border: "solid 1px white",
				    lineHeight: "0.95",
				    overflow: "hidden",
				    position: "absolute",
				    borderRadius: "6px",
				    padding: "6px"
				},
			};
		},
		init() {},
		renderVDom(c) {
			const gc = c.shortcut("getStyledClasses");
			const cpi = c._getCPI();
			return h("div",
				{
				    key: c,
					afterCreate: cpi.afterCreate,
				}
			);
		},
		cpi: {
			afterCreate(el) {
				const gc = this.shortcut("getStyledClasses"),
					treeMapClass = gc("treeMap");
					nodeClass = gc("node");

			    var tree = skuid.$M('VizData');
			
			    var width = 500,
			        height = 500,
			        color = d3.scale.category20c(),
			        div = d3.select(el).append("div")
			           .style("position", "relative");
			    
			    var treemap = d3.layout.treemap()
			        .size([width, height])
			        .sticky(true)
			        .value(function(d) { return d.sumTotalPrice; })
			        .children(function(d){return d.data});
			
			
			    var node = div.datum(tree).selectAll("." + nodeClass)
			          .data(treemap.nodes)
			        .enter().append("div")
			          .attr("class", nodeClass)
			          .call(position)
			          .style("background-color", function(d) {
			              return d.children == 'tree' ? '#fff' : color(d.Industry); })
			          .append('div')
			          .style("font-size", function(d) {
			             // compute font size based on sqrt(area)
			             return Math.max(15, 0.05*Math.sqrt(d.area))+'px'; })
			          .text(function(d) { return d.data ? null : d.text; });
			
			    function position() {
			      this.style("left", function(d) { return d.x + "px"; })
			          .style("top", function(d) { return d.y + "px"; })
			          .style("width", function(d) { return Math.max(0, d.dx - 1) + "px"; })
			          .style("height", function(d) { return Math.max(0, d.dy - 1) + "px"; });
			    }
			},
		},
	});
	
})(skuid);</jsitem>
		</javascript>
		<labels/>
	</resources>
	<pageregioncontents>
		<pageregioncontent regionid="sk-1EQK-2503" uniqueid="sk-1ERj-1151">
			<components>
				<skuid__header title="TreeMap" uniqueid="sk-1ET8-2040"/>
				<skuid__text contents="Introduced by&amp;nbsp;&lt;a href=&quot;http://www.cs.umd.edu/hcil/treemap-history/&quot;&gt;Ben Shneiderman&lt;/a&gt;, treemaps recursively partition space into rectangles according to each node&amp;rsquo;s associated value. D3 supports several treemap tiling methods." uniqueid="sk-1ETB-2228">
					<styles>
						<spacing/>
					</styles>
				</skuid__text>
				<skuid__grid uniqueid="sk-1DoB-4518" flexDirection="row" justifyContent="flex-start" alignItems="flex-start" columnGutter="1" rowGutter="0">
					<divisions>
						<division minWidth="100px" ratio="1" uniqueId="sk-1DoB-4582" alignSelf="auto">
							<components>
								<skuid__D3Component uniqueid="sk-1D-Y-372"/>
							</components>
						</division>
						<division alignSelf="auto" minWidth="100px" ratio="1" uniqueId="sk-1ENn-1752">
							<components>
								<skuid__text contents="Instructions:" uniqueid="sk-1EYY-2245" styleSettingsVariant="increased">
									<styles>
										<spacing/>
									</styles>
								</skuid__text>
								<skuid__text contents="How to configure this component in Skuid" uniqueid="sk-1EUF-3439">
									<styles>
										<spacing/>
									</styles>
								</skuid__text>
							</components>
						</division>
					</divisions>
					<styles>
						<spacing top="4"/>
					</styles>
					<interactions/>
				</skuid__grid>
			</components>
		</pageregioncontent>
	</pageregioncontents>
</skuid__page>