<skuid__page unsavedchangeswarning="yes" personalizationmode="server" title="D3 Circle Packing">
	<models>
		<model id="VizData" query="true" createrowifnonefound="false" datasource="RawGithubContent_RobHatch" verb="GET" payloadcontenttype="JSON" endpoint="/experiments/pages/SkuidD3/exampleData/CountryNumbers.json">
			<fields>
				<field id="homecontinent" label="Homecontinent" ispolymorphic="false" isnamepointing="false" displaytype="STRING" accessible="true" filterable="true"/>
				<field id="homelat" label="Homelat" ispolymorphic="false" isnamepointing="false" displaytype="DOUBLE" precision="3" scale="1" accessible="true" filterable="true"/>
				<field id="homelon" label="Homelon" ispolymorphic="false" isnamepointing="false" displaytype="DOUBLE" precision="3" scale="0" accessible="true" filterable="true"/>
				<field id="n" label="N" ispolymorphic="false" isnamepointing="false" displaytype="DOUBLE" precision="1" scale="0" accessible="true" filterable="true"/>
			</fields>
			<conditions/>
			<actions/>
		</model>
	</models>
	<components/>
	<resources>
		<actionsequences/>
		<javascript>
			<jsitem location="external" name="D3" cachelocation="false" url="https://d3js.org/d3.v4.js">var params = arguments[0],
	$ = skuid.$;</jsitem>
			<jsitem location="external" cachelocation="false" name="Chromatic Plugin" url="https://d3js.org/d3-scale-chromatic.v1.min.js">var params = arguments[0],
	$ = skuid.$;</jsitem>
			<jsitem location="inline" name="Viz" cachelocation="false" url="">// Skuid inline snippet code - with items necessary to create a V2 custom component. 
(function(skuid){
	var $ = skuid.$,
		h = skuid.virtualDom.hyperScript;


	skuid.componentType.register("skuid__D3Component", {
		schema: {
			attributes: {},
			properties: {},
		},
		getStyles() {
			return {
			};
		},
		init() {},
		renderVDom(c) {
			const gc = c.shortcut("getStyledClasses");
			const cpi = c._getCPI();
			return h("div",
				{
				    key: c,
					afterCreate: cpi.afterCreate,
				}
			);
		},
		cpi: {
			afterCreate(el) {
				const gc = this.shortcut("getStyledClasses");
               // Code copied from d3-graph-gallery.com and adjusted
                // set the dimensions and margins of the graph
                var width = 560
                var height = 560
                
                // append the svg object to the body of the page
                var svg = d3.select(el)
                  .append("svg")
                    .attr("width", width)
                    .attr("height", height)
                
                // get the data.  Instead of using D3.csv or D3.Json to get a file and parse it (and return a function),  we can simply retrieve the model.data object. 
                var data = skuid.$M('VizData').data;

                  // Filter a bit the data -&gt; more than 1 million inhabitants
                  data = data.filter(function(d){ return d.pop&gt;10000000 })
                
                  // Color palette for continents?
                  var color = d3.scaleOrdinal()
                    .domain(["Asia", "Europe", "Africa", "Oceania", "Americas"])
                    .range(d3.schemeSet1);
                
                  // Size scale for countries
                  var size = d3.scaleLinear()
                    .domain([0, 1400000000])
                    .range([10,120])  // circle will be between 7 and 55 px wide
                
                  // create a tooltip
                  var Tooltip = d3.select(el)
                    .append("div")
                    .style("opacity", 0)
                    .attr("class", "tooltip")
                    .style("background-color", "white")
                    .style("border", "solid")
                    .style("border-width", "2px")
                    .style("border-radius", "5px")
                    .style("padding", "5px")
                
                  // Three function that change the tooltip when user hover / move / leave a cell
                  var mouseover = function(d) {
                    Tooltip
                      .style("opacity", 1)
                  }
                  var mousemove = function(d) {
                    Tooltip
                      .html('&lt;u&gt;' + d.country + '&lt;/u&gt;' + "&lt;br&gt;" + d.pop + " inhabitants")
                      .style("left", (d3.mouse(this)[0]+20) + "px")
                      .style("top", (d3.mouse(this)[1]+160) + "px")
                      .style("position", "absolute")
                  }
                  var mouseleave = function(d) {
                    Tooltip
                      .style("opacity", 0)
                  }
                
                  // Initialize the circle: all located at the center of the svg area
                  var node = svg.append("g")
                    .selectAll("circle")
                    .data(data)
                    .enter()
                    .append("circle")
                      .attr("class", "node")
                      .attr("r", function(d){ return size(d.pop)})
                      .attr("cx", width / 2)
                      .attr("cy", height / 2)
                      .style("fill", function(d){ return color(d.continent)})
                      .style("fill-opacity", 0.8)
                      .attr("stroke", "black")
                      .style("stroke-width", 1)
                      .on("mouseover", mouseover) // What to do when hovered
                      .on("mousemove", mousemove)
                      .on("mouseleave", mouseleave)
                      .call(d3.drag() // call specific function when circle is dragged
                           .on("start", dragstarted)
                           .on("drag", dragged)
                           .on("end", dragended));
                
                  // Features of the forces applied to the nodes:
                  var simulation = d3.forceSimulation()
                      .force("center", d3.forceCenter().x(width / 2).y(height / 2)) // Attraction to the center of the svg area
                      .force("charge", d3.forceManyBody().strength(.1)) // Nodes are attracted one each other of value is &gt; 0
                      .force("collide", d3.forceCollide().strength(.2).radius(function(d){ return (size(d.pop)+3) }).iterations(1)) // Force that avoids circle overlapping
                
                  // Apply these forces to the nodes and update their positions.
                  // Once the force algorithm is happy with positions ('alpha' value is low enough), simulations will stop.
                  simulation
                      .nodes(data)
                      .on("tick", function(d){
                        node
                            .attr("cx", function(d){ return d.x; })
                            .attr("cy", function(d){ return d.y; })
                      });
                
                  // What happens when a circle is dragged?
                  function dragstarted(d) {
                    if (!d3.event.active) simulation.alphaTarget(.03).restart();
                    d.fx = d.x;
                    d.fy = d.y;
                  }
                  function dragged(d) {
                    d.fx = d3.event.x;
                    d.fy = d3.event.y;
                  }
                  function dragended(d) {
                    if (!d3.event.active) simulation.alphaTarget(.03);
                    d.fx = null;
                    d.fy = null;
                  }

//end of copied code
    		},
		},
	});
	
})(skuid);</jsitem>
		</javascript>
		<labels/>
	</resources>
	<pageregioncontents>
		<pageregioncontent regionid="sk-1EQK-2503" uniqueid="sk-1ERj-1151">
			<components>
				<skuid__header uniqueid="sk-1ET8-2040" title="Circle Packing"/>
				<skuid__text contents="Circular packing or circular treemap allows to visualize a hierarchic organization. It is an equivalent of a treemap or a dendrogram, where each node of the tree is represented as a circle and its sub-nodes are represented as circles inside of it." uniqueid="sk-1ETB-2228">
					<styles>
						<spacing/>
					</styles>
				</skuid__text>
				<skuid__grid uniqueid="sk-1DoB-4518" flexDirection="row" justifyContent="flex-start" alignItems="flex-start" columnGutter="1" rowGutter="0">
					<divisions>
						<division minWidth="100px" ratio="1" uniqueId="sk-1DoB-4582" alignSelf="auto">
							<components>
								<skuid__D3Component uniqueid="sk-1D-Y-372"/>
							</components>
						</division>
						<division alignSelf="auto" minWidth="100px" ratio="1" uniqueId="sk-1ENn-1752">
							<components>
								<skuid__text contents="Instructions:" uniqueid="sk-1EYY-2245" styleSettingsVariant="increased">
									<styles>
										<spacing/>
									</styles>
								</skuid__text>
								<skuid__text contents="How to configure this component in Skuid" uniqueid="sk-1EUF-3439">
									<styles>
										<spacing/>
									</styles>
								</skuid__text>
							</components>
						</division>
					</divisions>
					<styles>
						<spacing top="4"/>
					</styles>
					<interactions/>
				</skuid__grid>
			</components>
		</pageregioncontent>
	</pageregioncontents>
</skuid__page>