<skuid__page unsavedchangeswarning="yes" personalizationmode="server" title="D3 Lollipop">
	<models>
		<model id="VizData" query="true" createrowifnonefound="false" datasource="RawGithubContent_RobHatch" verb="GET" payloadcontenttype="JSON" endpoint="/experiments/pages/SkuidD3/exampleData/TopExporters.json">
			<fields>
				<field id="Value" label="Value" ispolymorphic="false" isnamepointing="false" displaytype="DOUBLE" precision="5" scale="0" accessible="true" filterable="true"/>
				<field id="Country" label="Country" ispolymorphic="false" isnamepointing="false" displaytype="STRING" accessible="true" filterable="true"/>
			</fields>
			<conditions/>
			<actions/>
		</model>
	</models>
	<components/>
	<resources>
		<actionsequences/>
		<javascript>
			<jsitem location="external" name="D3" cachelocation="false" url="https://d3js.org/d3.v4.js">var params = arguments[0],
	$ = skuid.$;</jsitem>
			<jsitem location="external" cachelocation="false" name="Radial Charts Function" url="https://cdn.jsdelivr.net/gh/holtzy/D3-graph-gallery@master/LIB/d3-scale-radial.js">var params = arguments[0],
	$ = skuid.$;</jsitem>
			<jsitem location="inline" name="Viz" cachelocation="false" url="">// Skuid inline snippet code - with items necessary to create a V2 custom component. 
(function(skuid){
	var $ = skuid.$,
		h = skuid.virtualDom.hyperScript;


	skuid.componentType.register("skuid__D3Component", {
		schema: {
			attributes: {},
			properties: {},
		},
		getStyles() {
			return {
			};
		},
		init() {},
		renderVDom(c) {
			const gc = c.shortcut("getStyledClasses");
			const cpi = c._getCPI();
			return h("div",
				{
				    key: c,
					afterCreate: cpi.afterCreate,
				}
			);
		},
		cpi: {
			afterCreate(el) {
				const gc = this.shortcut("getStyledClasses");
               // Code copied from d3-graph-gallery.com and adjusted
                // set the dimensions and margins of the graph
                var margin = {top: 10, right: 30, bottom: 40, left: 100},
                    width = 560 - margin.left - margin.right,
                    height = 560 - margin.top - margin.bottom;
                
                // append the svg object to the body of the page
                var svg = d3.select(el)
                  .append("svg")
                    .attr("width", width + margin.left + margin.right)
                    .attr("height", height + margin.top + margin.bottom)
                  .append("g")
                    .attr("transform",
                          "translate(" + margin.left + "," + margin.top + ")");
                
             
                // get the data.  Instead of using D3.csv or D3.Json to get a file and parse it (and return a function),  we can simply retrieve the model.data object. 
                var data = skuid.$M('VizData').data;
                 data = data.filter(function(d){ return d.Value&gt;100 })

                
                  // Add X axis
                  var x = d3.scaleLinear()
                    .domain([0, 13000])
                    .range([ 0, width]);
                  svg.append("g")
                    .attr("transform", "translate(0," + height + ")")
                    .call(d3.axisBottom(x))
                    .selectAll("text")
                      .attr("transform", "translate(-10,0)rotate(-45)")
                      .style("text-anchor", "end");
                
                // Y axis
                var y = d3.scaleBand()
                  .range([ 0, height ])
                  .domain(data.map(function(d) { return d.Country; }))
                  .padding(1);
                svg.append("g")
                  .call(d3.axisLeft(y))
                
                
                // Lines
                svg.selectAll("myline")
                  .data(data)
                  .enter()
                  .append("line")
                    .attr("x1", function(d) { return x(d.Value); })
                    .attr("x2", x(0))
                    .attr("y1", function(d) { return y(d.Country); })
                    .attr("y2", function(d) { return y(d.Country); })
                    .attr("stroke", "grey")
                    .attr("stroke-width" , "3")
                
                // Circles
                svg.selectAll("mycircle")
                  .data(data)
                  .enter()
                  .append("circle")
                    .attr("cx", function(d) { return x(d.Value); })
                    .attr("cy", function(d) { return y(d.Country); })
                    .attr("r", "10")
                    .style("fill", "#69b3a2")
                    .attr("stroke", "black")
                
                //end of copied code
    		},
		},
	});
	
})(skuid);</jsitem>
		</javascript>
		<labels/>
	</resources>
	<pageregioncontents>
		<pageregioncontent regionid="sk-1EQK-2503" uniqueid="sk-1ERj-1151">
			<components>
				<skuid__header uniqueid="sk-1ET8-2040" title="Horizontal Lollipop"/>
				<skuid__text contents="A lollipop plot is basically a barplot, where the bar is transformed in a line and a dot. It shows the relationship between a numeric and a categoric variable." uniqueid="sk-1ETB-2228">
					<styles>
						<spacing/>
					</styles>
				</skuid__text>
				<skuid__grid uniqueid="sk-1DoB-4518" flexDirection="row" justifyContent="flex-start" alignItems="flex-start" columnGutter="1" rowGutter="0">
					<divisions>
						<division minWidth="100px" ratio="1" uniqueId="sk-1DoB-4582" alignSelf="auto">
							<components>
								<skuid__D3Component uniqueid="sk-1D-Y-372"/>
							</components>
						</division>
						<division alignSelf="auto" minWidth="100px" ratio="1" uniqueId="sk-1ENn-1752">
							<components>
								<skuid__text contents="Instructions:" uniqueid="sk-1EYY-2245" styleSettingsVariant="increased">
									<styles>
										<spacing/>
									</styles>
								</skuid__text>
								<skuid__text contents="How to configure this component in Skuid" uniqueid="sk-1EUF-3439">
									<styles>
										<spacing/>
									</styles>
								</skuid__text>
							</components>
						</division>
					</divisions>
					<styles>
						<spacing top="4"/>
					</styles>
					<interactions/>
				</skuid__grid>
			</components>
		</pageregioncontent>
	</pageregioncontents>
</skuid__page>