<skuid__page unsavedchangeswarning="yes" personalizationmode="server" title="D3 Circular Barplot">
	<models>
		<model id="VizData" query="true" createrowifnonefound="false" datasource="RawGithubContent_RobHatch" verb="GET" payloadcontenttype="JSON" endpoint="/experiments/pages/SkuidD3/exampleData/TopExporters.json">
			<fields>
				<field id="Value" label="Value" ispolymorphic="false" isnamepointing="false" displaytype="DOUBLE" precision="5" scale="0" accessible="true" filterable="true"/>
				<field id="Country" label="Country" ispolymorphic="false" isnamepointing="false" displaytype="STRING" accessible="true" filterable="true"/>
			</fields>
			<conditions/>
			<actions/>
		</model>
	</models>
	<components/>
	<resources>
		<actionsequences/>
		<javascript>
			<jsitem location="external" name="D3" cachelocation="false" url="https://d3js.org/d3.v4.js">var params = arguments[0],
	$ = skuid.$;</jsitem>
			<jsitem location="external" cachelocation="false" name="Radial Charts Function" url="https://cdn.jsdelivr.net/gh/holtzy/D3-graph-gallery@master/LIB/d3-scale-radial.js">var params = arguments[0],
	$ = skuid.$;</jsitem>
			<jsitem location="inline" name="Viz" cachelocation="false" url="">// Skuid inline snippet code - with items necessary to create a V2 custom component. 
(function(skuid){
	var $ = skuid.$,
		h = skuid.virtualDom.hyperScript;


	skuid.componentType.register("skuid__D3Component", {
		schema: {
			attributes: {},
			properties: {},
		},
		getStyles() {
			return {
			};
		},
		init() {},
		renderVDom(c) {
			const gc = c.shortcut("getStyledClasses");
			const cpi = c._getCPI();
			return h("div",
				{
				    key: c,
					afterCreate: cpi.afterCreate,
				}
			);
		},
		cpi: {
			afterCreate(el) {
				const gc = this.shortcut("getStyledClasses");
               // Code copied from d3-graph-gallery.com and adjusted
                // set the dimensions and margins of the graph
                var margin = {top: 100, right: 0, bottom: 0, left: 0},
                    width = 460 - margin.left - margin.right,
                    height = 460 - margin.top - margin.bottom,
                    innerRadius = 90,
                    outerRadius = Math.min(width, height) / 2;   // the outerRadius goes from the middle of the SVG area to the border
                
                // append the svg object
                var svg = d3.select(el)
                  .append("svg")
                    .attr("width", width + margin.left + margin.right)
                    .attr("height", height + margin.top + margin.bottom)
                  .append("g")
                    .attr("transform", "translate(" + (width / 2 + margin.left) + "," + (height / 2 + margin.top) + ")");
                
                                
                // get the data.  Instead of using D3.csv or D3.Json to get a file and parse it (and return a function),  we can simply retrieve the model.data object. 
                var data = skuid.$M('VizData').data;
                
                 // Scales
                  var x = d3.scaleBand()
                      .range([0, 2 * Math.PI])    // X axis goes from 0 to 2pi = all around the circle. If I stop at 1Pi, it will be around a half circle
                      .align(0)                  // This does nothing
                      .domain(data.map(function(d) { return d.Country; })); // The domain of the X axis is the list of states.
                  var y = d3.scaleRadial()
                      .range([innerRadius, outerRadius])   // Domain will be define later.
                      .domain([0, 14000]); // Domain of Y is from 0 to the max seen in the data
                
                  // Add the bars
                  svg.append("g")
                    .selectAll("path")
                    .data(data)
                    .enter()
                    .append("path")
                      .attr("fill", "#69b3a2")
                      .attr("d", d3.arc()     // imagine your doing a part of a donut plot
                          .innerRadius(innerRadius)
                          .outerRadius(function(d) { return y(d['Value']); })
                          .startAngle(function(d) { return x(d.Country); })
                          .endAngle(function(d) { return x(d.Country) + x.bandwidth(); })
                          .padAngle(0.01)
                          .padRadius(innerRadius))
                
                  // Add the labels
                  svg.append("g")
                      .selectAll("g")
                      .data(data)
                      .enter()
                      .append("g")
                        .attr("text-anchor", function(d) { return (x(d.Country) + x.bandwidth() / 2 + Math.PI) % (2 * Math.PI) &lt; Math.PI ? "end" : "start"; })
                        .attr("transform", function(d) { return "rotate(" + ((x(d.Country) + x.bandwidth() / 2) * 180 / Math.PI - 90) + ")"+"translate(" + (y(d['Value'])+10) + ",0)"; })
                      .append("text")
                        .text(function(d){return(d.Country)})
                        .attr("transform", function(d) { return (x(d.Country) + x.bandwidth() / 2 + Math.PI) % (2 * Math.PI) &lt; Math.PI ? "rotate(180)" : "rotate(0)"; })
                        .style("font-size", "11px")
                        .attr("alignment-baseline", "middle")
//end of copied code
    		},
		},
	});
	
})(skuid);</jsitem>
		</javascript>
		<labels/>
	</resources>
	<pageregioncontents>
		<pageregioncontent regionid="sk-1EQK-2503" uniqueid="sk-1ERj-1151">
			<components>
				<skuid__header uniqueid="sk-1ET8-2040" title="Circular Barplot"/>
				<skuid__text contents="A circular barplot is a barplot, with each bar displayed along a circle instead of a line. Thus, it is advised to have a good understanding of how barplot works before making it circular. Circular bar chart is very &amp;lsquo;eye catching&amp;rsquo; and allows a better use of the space than a long usual barplot." uniqueid="sk-1ETB-2228">
					<styles>
						<spacing/>
					</styles>
				</skuid__text>
				<skuid__grid uniqueid="sk-1DoB-4518" flexDirection="row" justifyContent="flex-start" alignItems="flex-start" columnGutter="1" rowGutter="0">
					<divisions>
						<division minWidth="100px" ratio="1" uniqueId="sk-1DoB-4582" alignSelf="auto">
							<components>
								<skuid__D3Component uniqueid="sk-1D-Y-372"/>
							</components>
						</division>
						<division alignSelf="auto" minWidth="100px" ratio="1" uniqueId="sk-1ENn-1752">
							<components>
								<skuid__text contents="Instructions:" uniqueid="sk-1EYY-2245" styleSettingsVariant="increased">
									<styles>
										<spacing/>
									</styles>
								</skuid__text>
								<skuid__text contents="How to configure this component in Skuid" uniqueid="sk-1EUF-3439">
									<styles>
										<spacing/>
									</styles>
								</skuid__text>
							</components>
						</division>
					</divisions>
					<styles>
						<spacing top="4"/>
					</styles>
					<interactions/>
				</skuid__grid>
			</components>
		</pageregioncontent>
	</pageregioncontents>
</skuid__page>