<skuid__page unsavedchangeswarning="yes" personalizationmode="server" showsidebar="true" showheader="true" uniqueId="sk-1EOY-951" theme="SkuidApp_Clone">
	<models/>
	<components>
		<skuid__grid uniqueid="sk-1EVN-3094" flexDirection="row" justifyContent="flex-start" alignItems="flex-start" columnGutter="3" rowGutter="0">
			<divisions>
				<division minWidth="40px" ratio="1" uniqueId="sk-1EVN-3158" alignSelf="auto">
					<components/>
				</division>
				<division alignSelf="flex-start" minWidth="100%" ratio="1" uniqueId="sk-1EVN-3630" maxWidth="1440px">
					<components>
						<skuid__wrapper uniqueid="sk-1EQP-2684">
							<components>
								<skuid__masthead uniqueid="sk-1EOd-1131">
									<divisions>
										<division type="logo" uniqueId="sk-1EOz-1413" flex="0">
											<components>
												<skuid__image source="resource" height="custom" heightCustom="30px" uniqueId="sk-1EOz-1423" uniqueid="sk-1EOz-1481" datasource="SkuidLocal" resource="Skuid Logopng" resourceContentType="image/png" heightStrategy="fixed">
													<styles>
														<spacing left="2" top="2" bottom="2"/>
													</styles>
												</skuid__image>
											</components>
										</division>
										<division type="navigation" uniqueId="sk-1EPP-2899" flex="0" minWidth="20px">
											<components>
												<skuid__text contents="&lt;div style=&quot;text-align: center;&quot;&gt;+&lt;/div&gt;&#10;" uniqueid="sk-1EPO-2763" styleSettingsVariant="extraLarge">
													<styles>
														<spacing left="0.5" right="0.5"/>
													</styles>
												</skuid__text>
											</components>
										</division>
										<division type="logo" uniqueId="sk-1EO_-1574" flex="0">
											<components>
												<skuid__image source="url" height="custom" heightCustom="30px" uniqueId="sk-1EO_-1584" uniqueid="sk-1EO_-1642" datasource="SkuidLocal" url="https://github.com/d3/d3-logo/blob/master/d3-outline.png?raw=true" heightStrategy="fixed">
													<styles>
														<spacing/>
													</styles>
												</skuid__image>
											</components>
										</division>
										<division type="separator" uniqueId="sk-1EPa-1690" flex="0" minWidth="50px"/>
										<division type="navigation" uniqueId="sk-1EPe-1960" flex="0">
											<components/>
										</division>
									</divisions>
									<styles>
										<spacing top="2"/>
									</styles>
								</skuid__masthead>
							</components>
							<background color="white" type="color"/>
							<interactions>
								<interaction type="tap">
									<action type="redirect" window="self" url="/D3Skuid/"/>
								</interaction>
							</interactions>
							<styles>
								<spacing/>
							</styles>
						</skuid__wrapper>
						<skuid__pageRegion uniqueid="sk-1EQK-2503">
							<styles>
								<spacing top="2" left="4" right="4"/>
							</styles>
						</skuid__pageRegion>
					</components>
				</division>
				<division alignSelf="auto" minWidth="40px" ratio="1" uniqueId="sk-1EVN-3765">
					<components/>
				</division>
			</divisions>
		</skuid__grid>
	</components>
	<resources>
		<labels/>
		<javascript/>
		<css/>
		<actionsequences/>
	</resources>
	<styles>
		<styleitem type="background" bgtype="none"/>
	</styles>
</skuid__page>